ctuid,pop_1996,dwe_1996
0010001.00,2336,730
0010002.00,5441,2113
0010003.01,4623,1791
0010003.02,5503,2033
0010004.00,6251,2473
0010005.01,3020,1291
0010005.02,3775,1507
0010006.00,3915,1595
0010007.00,2757,1267
0010008.00,1760,728
0010009.00,614,251
0010010.00,1681,635
0010011.00,3044,1219
0010012.00,2953,1171
0010013.00,2108,780
0010014.00,3459,1416
0010015.01,5588,2039
0010015.02,4203,1550
0010015.03,5348,1761
0010015.04,5288,1635
0010016.00,6401,2530
0010017.00,745,245
0010100.01,5107,1747
0010100.02,7637,2313
0010110.00,2181,672
0010170.01,3778,1327
0010170.02,5271,1796
0010171.00,3827,1335
0010172.01,7972,2426
0010172.02,7431,2358
0010172.03,2656,923
0010172.04,3728,1413
0010200.01,2535,846
0010200.02,6105,1920
0010200.03,3360,1081
0010201.00,2768,887
0010202.00,9617,3102
0010300.00,6290,2063
0010301.01,5341,1740
0010301.02,4115,1320
0010302.00,3519,1127
2050001.00,3878,1397
2050002.00,5484,2074
2050003.00,2763,1172
2050004.01,2786,1873
2050004.02,3864,2385
2050005.00,1840,656
2050006.00,3380,1566
2050007.00,1614,1076
2050008.00,2064,1225
2050009.00,1664,994
2050010.00,4494,2195
2050011.00,5878,2666
2050012.00,2744,1136
2050013.00,2660,1109
2050014.00,3827,1646
2050015.00,4830,2041
2050016.00,2166,832
2050017.00,2119,879
2050018.00,3800,1922
2050019.00,4440,2029
2050020.00,2823,1058
2050021.00,3312,1465
2050022.00,5282,2505
2050023.00,4535,1961
2050024.00,5862,2524
2050025.01,5236,2080
2050025.02,4992,2126
2050025.03,5058,2371
2050026.00,7774,3192
2050027.00,2576,1214
2050100.00,3403,1212
2050101.00,3759,1698
2050102.00,3973,1786
2050103.00,4421,1681
2050104.01,2217,888
2050104.02,4225,1443
2050105.01,3782,1322
2050105.02,5481,1752
2050106.00,8193,2850
2050107.00,3482,1260
2050108.00,4012,1763
2050109.00,3490,1673
2050110.00,1768,925
2050111.00,3372,1602
2050112.00,2982,1273
2050113.00,1140,288
2050114.00,5929,3067
2050120.00,2242,765
2050121.01,8261,2677
2050121.02,3504,1137
2050121.03,1805,558
2050121.04,7807,2243
2050122.01,4145,1318
2050122.02,6937,2222
2050122.03,3084,1055
2050123.01,2266,792
2050123.02,4245,1379
2050123.03,8854,3356
2050130.01,6610,2089
2050130.02,6429,2084
2050131.01,5836,1810
2050131.02,5231,1761
2050131.03,6368,2162
2050131.04,3050,984
2050131.05,4314,1311
2050132.01,7633,2456
2050132.02,6833,2283
2050140.00,6194,2108
2050141.00,6599,2264
2050142.00,6931,2382
2050143.00,7873,2864
2050150.01,6521,2036
2050150.02,4865,1601
2050151.00,5191,1859
2050152.00,3516,1210
3050001.00,1259,686
3050002.00,4898,2147
3050003.01,2438,865
3050003.02,7217,2355
3050004.00,6718,2459
3050005.00,2552,1137
3050006.00,5053,2541
3050007.00,3298,1508
3050008.00,4569,1784
3050009.00,4762,2086
3050010.01,1823,810
3050010.02,6799,2765
3050011.00,2436,917
3050012.00,5491,2021
3050013.00,4908,1984
3050014.00,7571,2470
3050015.00,7182,2362
3050016.01,5657,1920
3050016.02,4397,1533
3050100.00,6783,2394
3050101.00,6684,2362
3050102.01,5346,1918
3050102.02,4623,1533
3050110.00,1027,393
3100001.01,3306,1093
3100001.02,3516,1325
3100002.01,3472,1339
3100002.02,2233,872
3100003.00,1914,813
3100004.00,2738,1322
3100005.00,21,9
3100006.00,491,300
3100007.00,1434,735
3100008.00,1739,841
3100009.00,2356,1271
3100010.00,2245,973
3100011.00,774,526
3100012.00,1222,482
3100013.00,2041,826
3100014.00,2754,970
3100015.00,1343,496
3100016.00,1790,837
3100017.00,1347,673
3100018.00,73,26
3100019.00,321,138
3100020.00,1678,610
3100021.00,1513,631
3100022.00,2479,1207
3100023.00,2287,964
3100024.00,2464,1002
3100025.01,4366,1643
3100025.02,3167,1179
3100026.00,3867,1416
3100027.01,2626,1020
3100027.02,2902,1187
3100028.00,2151,786
3100029.00,5864,2004
3100100.00,8470,2915
3100101.00,875,344
3100102.00,849,299
3100110.01,4271,1461
3100110.02,7936,2758
3100111.00,2873,1016
3100112.00,1175,441
3100120.01,7203,2192
3100120.02,5960,1882
3100130.01,6716,2175
3100130.02,3823,1223
3100131.00,3060,1072
4080001.00,4517,1778
4080002.01,3653,1221
4080002.02,4822,2127
4080003.00,7967,2802
4080004.00,4063,2082
4080005.00,3761,1649
4080006.00,3711,1890
4080007.00,2786,1165
4080008.00,5420,1973
4080100.00,4293,1425
4080101.00,4796,1865
4080102.00,3191,1204
4080103.00,6665,2238
4080104.00,5627,2012
4080105.00,3611,1579
4080106.00,3819,1597
4080107.01,4599,1849
4080107.02,3258,1258
4080108.00,2481,1240
4080109.00,2266,1067
4080110.00,6145,2424
4080111.00,8318,3030
4080120.01,2915,951
4080120.02,7459,2393
4080130.00,4987,1751
4080131.00,4562,1484
4080132.00,3981,1354
4080133.00,4012,1418
4080140.00,4550,1550
4080150.00,5084,1783
4080160.00,7462,2706
4080161.00,3231,1063
4080162.00,7113,2662
4080163.00,3251,1113
4080164.00,2078,721
4210001.00,7891,4412
4210002.00,2132,1028
4210003.00,6727,3878
4210004.00,690,370
4210005.00,3575,2110
4210006.00,4889,2704
4210007.00,2362,1299
4210008.00,1537,819
4210009.00,2070,1133
4210010.00,2606,1345
4210011.00,1653,962
4210012.00,2464,1303
4210013.00,1365,784
4210014.00,1954,1240
4210015.00,3487,2144
4210016.00,2945,1875
4210017.00,240,49
4210018.00,1112,712
4210019.00,2651,1669
4210020.00,2529,1614
4210021.00,1875,1124
4210022.00,1982,1298
4210023.00,507,290
4210024.00,610,435
4210025.00,812,546
4210026.00,4890,2547
4210027.00,2048,963
4210028.00,1720,948
4210029.00,2036,1118
4210030.00,3416,1820
4210031.00,2528,1294
4210032.00,1085,456
4210033.01,3555,1997
4210033.02,3563,1846
4210034.00,4560,2390
4210035.00,2002,1109
4210036.00,5178,2679
4210037.00,3806,2037
4210038.01,3094,1381
4210038.02,2633,1381
4210039.01,7218,2725
4210039.02,4635,2049
4210040.01,4339,1581
4210040.02,6383,2776
4210041.01,5342,2057
4210041.02,3627,1382
4210041.03,974,339
4210041.04,6392,2347
4210041.05,4643,1648
4210041.06,3410,1097
4210041.07,3300,1200
4210100.00,1911,793
4210101.00,4834,1592
4210102.00,1860,858
4210103.00,3398,1339
4210110.00,4177,1645
4210111.00,4829,2116
4210112.01,3836,1744
4210112.02,4001,2086
4210113.01,5349,2917
4210113.02,6160,2734
4210114.00,5893,3011
4210115.00,3176,1538
4210116.00,6820,4984
4210117.00,7380,3835
4210118.00,6605,3102
4210119.01,8784,3045
4210119.02,5627,1978
4210120.01,3589,1278
4210120.02,6260,2121
4210120.03,4221,1374
4210140.01,6072,1988
4210140.02,4207,1902
4210140.03,5616,1960
4210160.01,5550,2277
4210160.02,4562,1833
4210160.03,4217,1525
4210170.01,12369,4311
4210170.02,7845,2716
4210190.00,1894,469
4210200.00,4842,1806
4210210.01,4160,1396
4210210.02,4748,1636
4210220.01,5555,2036
4210220.02,5086,1883
4210230.00,9889,3426
4210240.00,10179,4370
4210260.01,2897,1551
4210260.02,3692,1862
4210260.03,4585,1828
4210270.01,4302,2240
4210270.02,6293,3197
4210271.01,4078,1530
4210271.02,3913,1651
4210272.00,1450,573
4210273.01,4618,2343
4210273.02,3001,1023
4210273.03,3652,1417
4210273.04,4810,1893
4210280.01,4156,1545
4210280.02,5195,1872
4210280.03,4884,1935
4210290.00,9949,3752
4210300.00,3228,546
4210310.00,2221,1073
4210311.01,6018,2988
4210311.02,3119,1494
4210320.01,7384,3144
4210320.02,5266,2125
4210320.03,3760,1244
4210320.04,3727,1379
4210320.05,3276,1071
4210320.06,7942,2497
4210330.00,2625,1243
4210340.01,2090,836
4210340.02,4836,1826
4210340.03,5444,1785
4210360.01,6555,2183
4210360.02,5453,1777
4210370.00,5008,1769
4210500.00,4128,1430
4210510.00,2841,1059
4210520.00,3214,1155
4210530.00,3579,1390
4210540.00,6892,2527
4210600.01,6395,2040
4210600.02,8376,2746
4210605.00,5432,1967
4210610.00,4061,1288
4210700.00,2067,731
4210800.01,5361,2056
4210800.02,5360,2018
4210801.00,3801,1670
4210802.00,2647,1062
4210810.00,4140,1882
4210811.00,6290,2666
4210812.00,4333,2087
4210820.01,4422,1805
4210820.02,4908,1846
4210825.00,6851,2286
4210830.01,4997,1900
4210830.02,4830,2179
4210835.01,6686,2310
4210835.02,8164,2646
4210835.03,4734,1607
4210840.01,5839,2540
4210840.02,4822,1749
4210845.01,7069,2278
4210845.02,5728,1989
4210846.01,7643,2507
4210846.02,5543,1809
4210850.00,8766,3081
4330001.00,5084,2133
4330002.00,1637,751
4330003.00,3905,1789
4330004.00,4513,2279
4330005.00,2152,1099
4330006.00,2981,1506
4330007.00,2545,1253
4330008.00,3221,1287
4330009.00,7176,3425
4330010.00,3416,1496
4330011.00,1940,1008
4330012.00,1876,1057
4330013.00,1921,1134
4330014.00,3211,1732
4330015.01,3269,1419
4330015.02,5220,2627
4330016.00,4290,2102
4330017.00,2656,1648
4330018.00,5762,2432
4330019.00,10011,4315
4330100.00,4036,1811
4330110.01,7260,2542
4330110.02,10047,3661
4330111.01,3333,1769
4330111.02,7226,2647
4330111.03,8241,2634
4330111.04,8021,2917
4330112.00,4689,1627
4330113.00,6148,2096
4330200.00,1535,623
4330201.00,2190,744
4330300.00,7872,2853
4420001.00,2514,1345
4420002.00,3220,1820
4420003.00,3013,1766
4420004.00,4934,2395
4420005.00,1962,1047
4420006.00,2566,1235
4420007.00,2532,1320
4420008.00,2479,1322
4420009.00,1870,1026
4420010.00,3687,2173
4420011.00,2789,1137
4420012.01,2619,1399
4420012.02,4857,2080
4420013.00,9377,3339
4420100.01,6043,2824
4420100.02,3820,1393
4420101.01,8469,2876
4420101.02,4554,1731
4420102.00,6197,2201
4420200.00,5826,2530
4420201.00,3038,1444
4420202.00,2325,1148
4420203.00,3149,1526
4420204.00,5148,2067
4420205.01,6003,2145
4420205.02,3623,1520
4420205.03,4326,1729
4420210.00,6150,2145
4420211.00,7327,2462
4420212.00,2295,827
4420213.00,1608,650
4420300.00,6206,2242
4420301.00,111,53
4420302.00,5319,1994
4590001.00,5540,1939
4590002.00,352,134
4590003.00,161,0
4590004.00,3066,1392
4590005.00,3687,1759
4590006.00,5,5
4590007.00,1371,667
4590008.00,2113,1072
4590009.00,3657,1474
4590010.00,1,0
4590011.00,2146,1118
4590012.00,1573,825
4590013.00,4295,1637
4590014.00,3587,1534
4590015.00,4881,2722
4590100.00,1631,509
4590101.00,932,313
4590102.00,1154,370
4590103.00,1757,658
4590200.00,2680,843
4590201.00,4132,1329
4590202.00,5256,1779
4590203.00,1975,721
4590204.00,728,235
4590205.00,1707,689
4590206.00,1050,354
4590207.00,843,274
4590300.00,2680,1040
4590301.00,2989,1324
4590302.00,2778,1088
4590303.00,0,0
4590304.00,1188,427
4590400.00,3121,1108
4590401.00,2523,840
4590402.00,902,317
4620001.00,2388,1096
4620002.00,2812,1265
4620003.00,6527,2721
4620004.00,3130,1491
4620005.00,3217,1529
4620006.00,4380,1834
4620007.00,5675,2701
4620008.00,2966,1375
4620009.00,3806,1674
4620010.00,1418,632
4620011.00,4935,1850
4620012.01,2616,1276
4620012.02,4141,1982
4620013.00,4473,2293
4620014.01,5256,2702
4620014.02,25,9
4620015.00,3167,1532
4620016.00,2505,1091
4620017.00,1991,933
4620018.00,1972,1030
4620019.00,2085,1094
4620021.00,3000,1389
4620022.00,1540,697
4620023.00,1092,519
4620024.00,2464,1231
4620025.00,2577,1126
4620026.00,1943,1016
4620027.00,1704,839
4620028.00,2051,1054
4620029.00,3524,1779
4620030.00,3176,1685
4620031.00,2540,1426
4620032.00,1408,843
4620033.00,1779,898
4620034.00,2314,1121
4620035.00,1994,1077
4620036.00,1718,950
4620037.00,2838,1673
4620038.00,1865,916
4620039.00,1414,606
4620040.00,0,0
4620041.00,1618,960
4620042.00,833,526
4620043.00,741,369
4620044.00,2013,1113
4620045.00,1507,933
4620046.00,1741,1001
4620047.00,660,332
4620048.00,2114,1130
4620049.00,1308,746
4620050.00,1287,684
4620051.00,1321,729
4620052.00,1982,1060
4620053.00,967,466
4620054.00,1193,528
4620055.01,2230,1480
4620055.02,442,249
4620056.00,1156,515
4620057.00,758,177
4620058.00,867,527
4620059.00,1155,695
4620060.00,1673,761
4620061.00,457,283
4620062.00,294,140
4620063.00,415,215
4620064.00,1102,539
4620065.01,5849,3995
4620065.02,2716,1741
4620066.01,2738,1627
4620066.02,2003,1356
4620067.00,1837,848
4620068.00,1959,677
4620069.00,1780,942
4620070.00,261,164
4620071.00,0,0
4620072.00,3622,1671
4620073.00,1030,501
4620074.00,3653,1609
4620075.00,2587,1197
4620076.00,2203,1001
4620077.00,2282,983
4620078.00,3076,1591
4620079.00,4037,1784
4620080.00,821,420
4620081.00,2339,1184
4620082.00,2031,903
4620083.00,3107,1445
4620084.00,1653,727
4620085.00,684,293
4620086.00,4000,1979
4620087.00,2997,1288
4620088.00,3717,1790
4620089.00,4913,2322
4620090.00,4361,2104
4620091.00,0,0
4620092.00,6398,2712
4620093.00,3127,1394
4620094.01,5487,2613
4620094.02,0,0
4620095.00,1862,1068
4620096.00,2204,994
4620097.01,5743,3086
4620097.02,3149,1854
4620098.00,5431,2162
4620099.00,4280,2123
4620100.00,6977,3209
4620101.01,4168,1857
4620101.02,3723,1523
4620102.00,4131,1991
4620103.00,2359,998
4620104.00,2814,1106
4620105.00,3381,1578
4620106.00,1916,879
4620107.00,1404,729
4620108.00,3952,1614
4620109.00,1983,993
4620110.00,3558,1936
4620111.00,6419,2785
4620112.01,5039,1746
4620112.02,4165,1970
4620113.00,5114,2137
4620114.00,2034,902
4620115.01,2036,886
4620115.02,5696,3630
4620116.00,6903,2987
4620117.00,4632,1457
4620118.00,4357,1509
4620119.00,6183,2267
4620120.00,3685,1636
4620121.00,1389,572
4620122.00,6936,2881
4620123.00,6442,3203
4620124.00,5552,2545
4620125.00,6334,2724
4620126.00,2167,1033
4620127.01,5325,3414
4620127.02,31,19
4620128.00,3578,1876
4620129.01,3874,2587
4620129.02,4086,2785
4620130.00,3348,2551
4620131.00,3198,2434
4620132.00,4933,3355
4620133.00,2483,1475
4620134.00,824,499
4620135.00,1735,932
4620136.00,2710,1377
4620137.00,1293,642
4620138.00,1966,1001
4620139.00,2740,1449
4620140.00,1453,760
4620141.00,1553,836
4620142.00,1563,911
4620143.00,2355,1511
4620144.00,3312,2045
4620145.00,0,0
4620146.00,2356,1470
4620147.00,2623,1537
4620148.00,1246,456
4620149.00,3264,1891
4620150.00,2320,1266
4620151.00,2129,1098
4620152.00,1550,844
4620153.00,819,450
4620154.00,583,349
4620155.00,1910,1050
4620156.00,2034,1109
4620157.00,2045,1097
4620158.00,1977,1261
4620159.00,1861,1016
4620160.00,1613,991
4620161.00,1706,856
4620162.00,1458,822
4620163.00,3287,1443
4620164.00,1548,965
4620165.00,2279,1101
4620166.00,379,165
4620167.00,2511,1170
4620168.00,2547,993
4620169.00,2371,1019
4620170.00,2395,1035
4620171.00,3875,2019
4620172.00,1739,1235
4620173.00,1620,968
4620174.00,1588,910
4620175.00,1609,885
4620176.00,1584,904
4620177.00,1224,696
4620178.00,2438,1369
4620179.00,3730,2037
4620180.00,3551,1769
4620181.00,3814,1860
4620182.00,2218,1105
4620183.00,2264,1161
4620184.00,3024,1476
4620185.00,5171,2724
4620186.00,4490,2240
4620187.01,2444,1216
4620187.02,6678,3405
4620188.01,1918,1021
4620188.02,2184,1219
4620189.00,0,0
4620190.01,3529,1788
4620190.02,3546,1848
4620191.00,6239,2955
4620192.00,2684,880
4620193.00,2005,894
4620194.00,5332,2146
4620195.01,3750,1649
4620195.02,5408,2373
4620195.03,5251,2270
4620196.00,3818,2053
4620197.00,4576,2311
4620198.00,4715,2450
4620199.00,2274,1210
4620200.00,3984,2023
4620201.00,6043,3110
4620202.00,4160,2270
4620203.00,2770,1493
4620204.00,2712,1443
4620205.00,2145,1166
4620206.00,2752,1417
4620207.00,3469,1721
4620208.00,2556,1274
4620209.00,5894,2822
4620210.00,3217,1802
4620211.00,2348,1219
4620212.00,2456,1276
4620213.00,2633,1320
4620214.00,2619,1311
4620215.00,2218,1142
4620216.00,2286,1145
4620217.00,2777,1307
4620218.00,3219,1512
4620219.00,2294,960
4620220.00,5842,2310
4620221.00,6593,2611
4620222.00,3954,1475
4620223.01,4008,1446
4620223.02,3440,1235
4620224.00,6033,2256
4620225.00,1408,639
4620226.00,3188,1549
4620227.00,1591,779
4620228.00,1656,776
4620229.00,0,0
4620230.00,1988,958
4620231.00,1862,847
4620232.00,2768,1282
4620233.00,2024,980
4620234.00,2358,1159
4620235.00,1924,973
4620236.00,1712,898
4620237.00,3289,1558
4620238.00,2338,1225
4620239.00,4482,2423
4620240.00,2962,1374
4620241.00,2910,1303
4620242.00,6410,2944
4620243.00,4116,1747
4620244.00,2213,1059
4620245.00,2667,1405
4620247.00,2321,1157
4620249.00,4347,2074
4620250.00,3855,1773
4620251.01,3404,1475
4620251.02,2610,1131
4620252.00,4853,2152
4620253.00,2802,1100
4620254.00,3609,1611
4620256.00,3715,1336
4620257.00,4562,1610
4620258.00,4597,1610
4620259.00,5797,2147
4620260.00,2255,815
4620261.00,2726,1022
4620262.00,4748,1592
4620263.00,4047,1593
4620264.01,5577,2464
4620264.02,4522,2216
4620265.00,4421,2192
4620266.00,3190,1587
4620267.00,6177,2424
4620268.01,5519,2803
4620268.02,3772,1523
4620268.03,0,0
4620269.00,3974,1907
4620270.00,4073,2093
4620271.00,3095,1455
4620272.00,3601,1799
4620273.00,4395,2021
4620274.00,3039,1346
4620275.00,4008,1957
4620276.00,4776,2392
4620277.00,4107,1865
4620278.00,4257,2113
4620279.00,4130,1989
4620280.00,4267,2100
4620281.00,3616,1531
4620282.00,6148,2519
4620283.01,3832,1370
4620283.02,3047,1197
4620284.00,3370,1519
4620285.00,6737,2277
4620286.00,4808,1930
4620287.01,5384,2583
4620287.02,4247,1563
4620288.00,1372,566
4620290.01,1998,737
4620290.02,5927,1922
4620290.03,3990,1474
4620290.04,6138,2026
4620290.05,5331,1994
4620290.06,6232,1887
4620290.07,2942,1016
4620290.08,4260,1384
4620290.09,5365,1709
4620291.00,8669,2636
4620300.00,2190,1108
4620301.00,4689,2328
4620302.00,2812,1387
4620303.00,2052,1039
4620304.00,2578,1400
4620305.00,3365,1745
4620306.00,3037,1456
4620307.00,3263,1497
4620308.00,2773,1293
4620309.00,1254,588
4620310.00,3567,1639
4620311.00,4091,1966
4620312.00,3316,1607
4620313.00,3363,1509
4620314.00,2687,1209
4620315.00,425,3
4620316.00,2066,819
4620317.01,6465,3494
4620317.02,5721,2977
4620320.00,4658,2136
4620321.00,2889,1346
4620322.01,7778,3791
4620322.02,3816,1623
4620323.00,3210,1331
4620324.01,4288,1783
4620324.02,2728,1044
4620325.01,4009,1451
4620325.02,5910,2437
4620325.03,3759,1449
4620325.04,7287,3012
4620326.01,3006,1155
4620326.02,3604,1596
4620326.03,4805,1840
4620327.00,4783,2054
4620328.00,1967,789
4620329.00,3532,1613
4620330.00,4739,2034
4620340.00,5254,1839
4620350.00,2439,1238
4620351.00,5159,2937
4620352.00,2844,1277
4620353.00,3003,1209
4620354.00,3310,1023
4620355.00,1471,618
4620356.00,2194,698
4620360.00,2307,607
4620361.00,1481,810
4620362.00,2593,895
4620363.00,4751,1960
4620364.00,2497,965
4620365.00,2549,1126
4620366.00,2562,1055
4620367.00,3831,1834
4620370.00,6986,2536
4620380.00,4117,1809
4620381.00,5335,2698
4620382.01,3709,1622
4620382.02,4392,1520
4620383.01,3528,1069
4620383.02,6820,3296
4620385.00,1464,969
4620390.00,1353,600
4620391.00,1856,815
4620392.00,1336,587
4620393.00,5124,2220
4620394.00,3667,1638
4620395.01,2544,1086
4620395.02,5774,2474
4620395.03,4160,2075
4620396.00,5522,2442
4620397.00,3835,1410
4620400.00,4251,1600
4620401.00,2993,1269
4620402.00,1141,464
4620403.00,4964,1833
4620404.00,4933,1733
4620410.01,5034,2033
4620410.02,4838,2376
4620410.03,1701,554
4620412.00,5140,1881
4620413.00,7106,2494
4620415.01,1165,464
4620415.02,8739,3897
4620416.00,7635,2514
4620417.01,3849,1415
4620417.02,2547,753
4620418.00,5192,2191
4620419.00,4542,1679
4620420.00,4485,1650
4620421.00,12267,5463
4620430.00,5325,2593
4620431.00,5445,2362
4620432.00,3245,1218
4620433.00,3557,1361
4620440.00,2,1
4620450.00,7144,3051
4620451.00,6410,2385
4620452.00,6399,2670
4620453.01,5296,1822
4620453.02,3186,1105
4620460.00,5414,1823
4620461.00,2934,1033
4620462.01,5364,1846
4620462.02,5702,1756
4620470.01,6849,2369
4620470.02,8109,2259
4620470.03,3720,1059
4620480.00,3774,1326
4620490.00,2292,1218
4620491.00,2408,638
4620500.00,906,355
4620510.00,2853,1003
4620511.00,5893,2136
4620512.01,7705,3096
4620512.02,4302,1624
4620513.00,8183,3069
4620514.01,5573,1900
4620514.02,5485,1848
4620515.00,12992,4425
4620520.01,8687,3005
4620520.02,7300,2287
4620521.01,4776,1587
4620521.02,8124,2464
4620521.03,8454,2364
4620522.01,4123,1322
4620522.02,3707,1232
4620523.00,2655,804
4620530.00,5950,2058
4620540.00,3339,1471
4620550.01,10222,3311
4620550.02,2816,1002
4620570.00,3523,1457
4620580.01,4029,1561
4620580.02,1085,433
4620580.03,4353,1465
4620581.01,6035,1954
4620581.02,3836,1461
4620582.01,7151,2991
4620582.02,6351,2475
4620583.00,3443,1276
4620584.00,7384,3082
4620585.01,1450,552
4620585.02,3643,1494
4620590.01,5237,2038
4620590.02,3032,1337
4620591.01,2639,1068
4620591.02,3889,1610
4620592.00,6773,3017
4620593.00,6249,3040
4620594.01,3066,1366
4620594.02,6423,2887
4620600.01,3922,1576
4620600.02,3621,1656
4620600.03,4990,1915
4620601.01,3129,1286
4620601.02,2894,1368
4620602.01,3174,1314
4620602.02,2766,1135
4620603.01,3838,1638
4620603.02,3693,1429
4620603.03,3682,1261
4620604.01,3290,1153
4620604.02,4123,1596
4620604.03,3217,1207
4620604.04,3846,1410
4620604.05,3674,1445
4620605.01,3012,1284
4620605.02,2011,712
4620605.03,5324,2171
4620605.04,4776,1781
4620605.05,2345,891
4620610.01,4555,1889
4620610.02,4751,1794
4620610.03,5419,2433
4620610.04,3876,1667
4620610.05,4520,1818
4620610.06,2736,1034
4620610.07,4380,2199
4620611.01,2723,1120
4620611.02,5321,2155
4620612.00,3976,1637
4620613.00,6769,2729
4620614.00,3447,1571
4620615.00,5011,2083
4620616.00,5868,2364
4620617.01,5250,2132
4620617.02,3730,1521
4620618.00,3247,1510
4620619.00,6002,3219
4620625.01,5896,1841
4620625.02,5725,1721
4620626.00,3498,1257
4620627.00,7180,2652
4620628.01,4420,1782
4620628.02,3672,1485
4620629.00,3307,1263
4620630.01,3604,1256
4620630.02,5003,1723
4620631.00,1508,503
4620632.01,5120,1892
4620632.02,4777,1767
4620632.03,5387,2071
4620632.04,7174,2803
4620633.00,5333,2339
4620634.00,2958,1215
4620635.00,5486,2569
4620636.00,6277,2478
4620637.01,5420,1838
4620637.02,2735,1362
4620638.01,5604,2486
4620638.02,2088,825
4620638.03,4219,1697
4620638.04,6321,2882
4620639.00,3487,1522
4620640.00,3318,1394
4620641.01,7026,3244
4620641.02,2209,805
4620642.00,6890,2897
4620643.00,5991,2947
4620644.00,1070,452
4620645.00,5187,2685
4620646.01,3222,1307
4620646.02,3398,1343
4620646.03,3343,1573
4620647.01,3036,1818
4620647.02,5991,2482
4620648.00,5187,1830
4620649.01,2870,913
4620649.02,5818,1860
4620650.01,4786,1551
4620650.02,3993,1384
4620650.03,5032,1623
4620651.00,9856,3144
4620652.01,5304,1786
4620652.02,6414,2264
4620652.03,7348,2477
4620653.00,978,367
4620654.00,742,276
4620655.01,3870,1428
4620655.02,5763,2010
4620656.01,5695,2046
4620656.02,6231,2150
4620657.01,3467,1279
4620657.02,5778,1988
4620657.03,3723,1087
4620658.01,5064,1678
4620658.02,3581,1145
4620658.03,5993,2086
4620659.01,9968,3707
4620659.02,6031,2281
4620659.03,7774,2645
4620660.01,3509,1089
4620660.02,5439,1913
4620660.03,4972,1609
4620661.01,6855,2306
4620661.02,6866,2322
4620662.00,4606,1559
4620675.00,5341,2463
4620676.01,3660,1331
4620676.02,3217,1101
4620676.03,2815,913
4620676.04,3637,1126
4620677.01,6485,2425
4620677.02,5788,2339
4620677.03,6672,2172
4620677.04,10852,3639
4620677.05,5357,1607
4620681.00,3307,1147
4620682.01,14095,4606
4620682.02,2758,1009
4620683.00,5739,2225
4620684.01,8287,2717
4620684.02,10202,3343
4620685.01,13819,4427
4620685.02,3671,1267
4620686.00,10607,3400
4620687.01,4169,1341
4620687.02,6428,2133
4620687.03,3185,1107
4620687.04,5600,1806
4620687.05,9834,3190
4620688.00,12908,4013
4620689.00,14413,4567
4620690.00,4385,1535
4620691.00,5821,1968
4620692.00,5736,1901
4620693.00,5630,2166
4620694.00,4207,1397
4620700.01,5097,2160
4620700.02,7901,3184
4620701.00,7124,2546
4620702.01,2170,714
4620702.02,6706,2032
4620703.01,8202,2635
4620703.02,3823,1391
4620704.01,4861,2014
4620704.02,12973,4246
4620704.03,7393,2364
4620705.00,8099,3067
4620706.00,3149,1563
4620707.00,4213,1952
4620708.00,8016,3265
4620709.00,8758,3106
4620710.00,20845,7012
4620725.01,7622,2538
4620725.02,10033,3223
4620726.01,6916,2584
4620726.02,7757,2846
4620727.00,7520,3188
4620728.00,12143,4237
4620729.00,3810,1542
4620730.00,8295,2935
4620731.00,5443,1976
4620732.00,7942,2759
4620733.00,5520,1978
4620734.00,9580,3337
4620735.00,9068,3252
4620740.00,6702,2538
4620750.00,18214,6821
4620751.01,5398,1887
4620751.02,4625,1475
4620755.00,5641,2272
4620756.01,7707,2929
4620756.02,678,241
4620756.03,6399,2285
4620757.00,4796,1928
4620758.00,11193,3671
4620760.00,4641,1650
4620775.00,2410,895
4620776.00,5723,2362
4620777.00,5804,2224
4620780.00,3613,1542
4620781.00,5067,2688
4620782.00,3101,1422
4620783.00,4472,2059
4620784.00,3815,1859
4620785.00,3848,1722
4620786.00,5116,1898
4620787.00,5690,2197
4620788.00,4564,1958
4620789.00,4444,1540
4620790.00,4094,1604
4620791.00,4937,1719
4620792.00,3772,1331
4620800.00,7712,2861
4620801.00,7288,2631
4620802.00,3793,1340
4620804.00,7397,2618
4620805.00,7164,2606
4620806.01,3235,1193
4620806.02,4834,1566
4620807.00,9059,3068
4620825.01,6310,2082
4620825.02,4348,1516
4620825.03,5412,2169
4620825.04,5572,1948
4620825.05,4945,1881
4620826.01,8192,2679
4620826.02,5102,1726
4620826.03,14889,4415
4620826.04,8589,2960
4620827.01,10065,3323
4620827.02,7063,3031
4620828.01,7563,2833
4620828.02,4242,1287
4620829.00,6703,2298
4620830.00,13724,4854
4620831.01,14372,4742
4620831.02,7561,2440
4620832.00,0,0
4620833.00,5581,1970
4620834.00,2401,823
4620850.01,5637,1837
4620850.02,9325,3301
4620851.00,4754,1960
4620852.01,4881,1644
4620852.02,733,284
4620853.01,8015,2582
4620853.02,3756,1356
4620854.01,5623,1860
4620854.02,5999,1940
4620855.01,5384,1789
4620855.02,6708,2719
4620856.00,2027,692
4620857.01,5421,1886
4620857.02,4639,1560
4620857.03,11773,3826
4620857.04,10528,3662
4620857.05,7630,2563
4620858.01,5062,1649
4620858.02,4338,1476
4620858.03,7457,2311
4620859.00,2568,917
4620860.01,6697,2189
4620860.02,4222,1559
4620861.00,6418,2939
4620862.00,6972,3435
4620863.01,3595,1543
4620863.02,5024,2642
4620864.00,5380,2152
4620865.00,1771,865
4620866.00,3281,1639
4620867.00,6161,2752
4620868.01,6213,2095
4620868.02,5793,2269
4620869.00,3398,1225
4620870.01,4144,1548
4620870.02,2358,998
4620871.01,4043,1740
4620871.02,2204,795
4620872.00,6585,2696
4620873.01,4547,1853
4620873.02,4734,2066
4620874.00,5148,2132
4620875.00,5045,2417
4620876.01,3821,1523
4620876.02,11637,3972
4620876.03,7194,2612
4620877.00,9732,3823
4620878.00,5350,2496
4620879.01,3155,1511
4620879.02,3974,1939
4620880.00,4118,1994
4620881.01,3577,1657
4620881.02,3774,1758
4620882.00,2736,1286
4620883.00,2435,1200
4620884.01,2971,1553
4620884.02,7195,4141
4620885.00,3781,1796
4620886.00,10321,4157
4620887.01,9736,3596
4620887.02,7499,2497
4620888.00,7170,2201
4620889.01,2881,1204
4620889.02,2930,1056
4620889.03,4773,1797
4620900.00,4939,1955
4620901.01,4725,1866
4620901.02,4873,1675
4620901.03,4757,1462
4620902.00,3813,1352
4620903.01,7445,2701
4620903.02,12653,4137
4620903.03,13180,4300
4620904.01,15166,4948
4620904.02,3676,1496
4620926.00,8725,3172
4620929.00,7320,2591
4620930.01,7852,2890
4620930.02,5212,1993
5050001.01,7385,2894
5050001.02,11408,4157
5050001.03,8056,2468
5050002.01,3220,1144
5050002.02,3681,1163
5050002.03,7732,2703
5050002.04,50,19
5050003.00,4655,1830
5050004.00,3752,1745
5050005.00,4925,2185
5050006.00,3976,1534
5050007.01,2126,994
5050007.02,4795,1871
5050007.03,3929,1415
5050008.00,4863,2099
5050009.00,3438,1402
5050010.00,4124,1751
5050011.01,7419,2773
5050011.02,7328,3729
5050012.00,4448,1620
5050013.00,5149,2368
5050014.00,1962,833
5050015.00,4458,2250
5050016.00,4404,1772
5050017.00,3623,1462
5050018.00,3920,1792
5050019.00,3920,1631
5050020.01,5963,2661
5050020.02,2435,860
5050021.00,6403,2706
5050022.00,5807,2660
5050023.00,6079,2721
5050024.00,3250,1299
5050025.00,5419,1952
5050026.00,5611,2224
5050027.00,4190,1691
5050028.00,6798,2505
5050029.00,5425,2398
5050030.00,6719,3558
5050031.00,5354,2992
5050032.01,3193,1780
5050032.02,5430,2377
5050033.01,4429,1805
5050033.02,2951,1372
5050034.00,3628,1390
5050035.00,3268,1722
5050036.00,3384,1412
5050037.00,7008,4881
5050038.00,3776,2514
5050039.00,2826,1392
5050040.00,3694,1957
5050041.00,4763,1992
5050042.00,4235,2070
5050043.00,4231,2008
5050044.00,2451,913
5050045.00,6847,3303
5050046.00,4969,2729
5050047.00,45,34
5050048.00,3743,2471
5050049.00,2989,1904
5050050.00,632,234
5050051.00,5356,2844
5050052.00,4747,2716
5050053.00,2726,1611
5050054.00,1717,966
5050055.00,2244,995
5050056.00,3776,1735
5050057.00,1816,715
5050058.00,3555,1713
5050059.00,3388,1389
5050060.00,4667,2546
5050061.00,5042,2141
5050062.01,4220,1738
5050062.02,3395,1251
5050100.00,3274,1674
5050101.00,3154,1643
5050102.00,3518,1829
5050103.00,4730,2001
5050104.00,2571,1307
5050110.00,1995,772
5050120.01,1706,444
5050120.02,4255,1499
5050120.03,5497,1955
5050121.01,4325,1607
5050121.02,3062,1263
5050122.01,3289,1052
5050122.02,7138,2267
5050122.03,3451,1338
5050123.01,5061,1901
5050123.02,5970,1982
5050124.01,3795,1169
5050124.02,4185,1526
5050124.03,5468,1587
5050124.04,3789,1104
5050125.01,5503,1757
5050125.02,3772,1274
5050125.03,708,220
5050125.04,4489,1281
5050125.05,5179,1576
5050125.06,3042,983
5050125.07,3605,1087
5050125.08,5300,1610
5050125.09,3079,1104
5050126.00,4386,1520
5050127.00,3968,1340
5050130.01,3510,1181
5050130.02,4982,1722
5050131.01,5672,2361
5050131.02,4914,1896
5050132.00,6052,2405
5050133.00,5535,2185
5050134.00,3952,1375
5050135.01,6926,2145
5050135.02,5550,1858
5050135.03,2093,740
5050136.01,4864,1721
5050136.02,5070,1907
5050137.01,8423,2825
5050137.02,3056,1161
5050137.03,1783,626
5050138.00,6854,2629
5050139.00,4158,1484
5050140.01,9,3
5050140.02,8005,2517
5050140.03,3092,943
5050140.04,5874,1710
5050140.05,5253,1607
5050141.00,9473,3188
5050151.01,6492,2111
5050151.02,9291,3086
5050151.03,3484,1158
5050160.01,5003,1596
5050160.02,5754,2083
5050160.03,27,11
5050160.04,7342,2351
5050160.05,3700,1198
5050160.06,1560,498
5050160.07,3877,1224
5050161.01,4260,1316
5050161.02,7557,2398
5050162.01,4405,1402
5050162.02,4424,1324
5050170.01,4150,1278
5050170.02,8224,2484
5050170.03,4735,1384
5050170.04,4408,1353
5050170.05,4356,1301
5050170.06,8575,2560
5050170.07,2195,767
5050171.01,5379,1695
5050171.02,5345,1723
5050180.00,8410,2897
5050181.00,10223,3326
5050182.00,3730,1175
5050183.00,3859,1209
5050184.00,4288,1435
5050185.00,6403,2031
5050186.00,2877,1015
5050190.00,8861,2938
5050191.00,7043,2265
5050200.00,8140,2719
5050201.00,4304,1398
5050202.00,2500,870
5050300.00,6126,2011
5050301.00,4462,1487
5050302.00,5953,2135
5050500.00,2252,1244
5050501.00,2148,1112
5050502.00,2066,952
5050503.00,2217,1099
5050504.00,5385,2637
5050505.00,3583,1712
5050506.00,5318,2420
5050507.00,4711,2232
5050508.00,3278,1752
5050509.00,2829,1419
5050510.01,5384,2503
5050510.02,3265,1528
5050511.01,7102,3316
5050511.02,6567,2662
5050600.00,3148,1523
5050601.01,5333,2197
5050601.02,2646,842
5050601.03,5042,1949
5050602.01,4024,1578
5050602.02,2153,948
5050602.03,5798,2186
5050610.01,2184,923
5050610.02,2430,987
5050611.00,5803,2108
5050612.01,2398,1011
5050612.02,944,321
5050613.01,4354,1513
5050613.02,12210,4213
5050620.01,3204,1004
5050620.02,6599,2365
5050630.01,5979,2004
5050630.02,4381,1579
5050631.00,4301,1366
5050700.01,5205,1936
5050700.02,8186,3008
5050710.00,7989,2847
5050711.00,6218,2121
5050712.00,5460,2301
5050800.00,1591,650
5050810.01,3966,1475
5050810.02,4702,1685
5050811.01,4105,1452
5050811.02,4762,1700
5050820.00,6465,2045
5050821.00,7099,2563
5050822.01,8451,2802
5050822.02,5919,2185
5050840.00,6543,2391
5050841.01,11228,3566
5050841.02,5425,1840
5050850.00,4722,1681
5210001.00,3212,2099
5210002.00,1668,1183
5210003.00,3100,1246
5210004.00,2895,1285
5210005.00,5139,2515
5210006.00,3542,1656
5210007.00,4036,2311
5210008.00,2662,1448
5210009.00,3308,1729
5210010.00,4098,1914
5210011.01,6668,2693
5210011.02,2389,948
5210012.00,4455,1872
5210013.00,654,404
5210014.00,4121,2050
5210015.00,3427,1274
5210016.00,573,0
5210100.01,3824,832
5210100.02,4713,1657
5210101.00,4365,1321
5210102.00,4468,1543
5210103.00,5046,1742
5210104.00,5085,1782
5210105.00,7818,2463
5210106.00,6334,2197
5210107.00,399,167
5210108.00,1180,441
5210109.00,481,191
5210110.00,6789,2341
5210111.01,3727,1393
5210111.02,5263,2005
5210112.01,8219,2775
5210112.02,7878,2461
5210112.03,2713,946
5210113.00,9167,3086
5220001.00,1108,397
5220002.00,3075,1339
5220003.00,2294,1078
5220004.00,4685,2122
5220005.00,1118,693
5220006.00,5896,2724
5220007.00,5447,2195
5220008.00,3279,1308
5220009.00,1267,450
5220010.00,56,18
5220011.00,3804,1513
5220012.00,3157,1208
5220013.00,3307,1137
5220014.00,48,16
5220015.00,35,13
5220100.00,3237,1195
5220101.00,2334,917
5220200.00,2328,781
5220201.00,2255,788
5220202.00,2460,788
5220300.00,4131,1692
5220301.00,2638,682
5220302.00,4623,1565
5220303.00,3270,1111
5220304.00,3801,1407
5220400.00,2437,1142
5220401.00,5341,2181
5220402.00,166,92
5220403.00,3130,1226
5220404.00,1919,702
5220405.00,51,0
5220406.00,4403,1661
5220407.00,1,1
5220500.00,3523,1254
5220501.00,2818,891
5290001.00,7127,2424
5290002.00,3920,1632
5290003.00,4681,1726
5290004.00,4001,1655
5290005.00,2321,1141
5290006.00,5538,2419
5290007.00,4106,2071
5290008.00,3904,1700
5290009.01,2909,1409
5290009.02,5739,2283
5290009.03,2516,818
5290009.04,5729,1882
5290010.00,2466,1181
5290011.00,2570,1065
5290012.00,5399,2184
5290013.00,4807,1713
5290014.00,1802,614
5290100.00,6115,2214
5290101.00,3053,1092
5290102.00,7163,2609
5290103.00,4465,1615
5290104.00,4138,1411
5290105.00,5724,1960
5320001.00,3194,1314
5320002.01,4599,1585
5320002.02,5035,1934
5320002.03,7207,2240
5320003.01,5158,1588
5320003.02,6937,2247
5320004.01,3360,1152
5320004.02,4290,2092
5320005.00,4073,1732
5320006.00,3668,1514
5320007.00,5557,2228
5320008.01,4006,1243
5320008.02,2819,994
5320008.03,4949,1654
5320008.04,8892,2770
5320009.01,2710,1169
5320009.02,3841,1200
5320009.03,4860,1600
5320009.04,3000,1066
5320009.05,5925,2367
5320010.00,4478,2423
5320011.00,5593,2128
5320012.00,6143,2496
5320013.00,6257,2219
5320014.01,2652,990
5320014.02,5296,2432
5320015.00,6555,2217
5320016.00,3310,1097
5320100.01,1511,601
5320100.02,5919,2006
5320100.03,5844,1729
5320101.01,7594,2387
5320101.02,4593,1493
5320101.03,4681,1335
5320101.04,5164,1622
5320102.00,8453,3308
5320103.00,2852,1232
5320104.00,4266,1461
5320105.01,18302,5273
5320105.02,4615,1590
5320200.00,5987,2035
5320201.00,6532,2241
5320202.01,8606,2764
5320202.02,11559,3605
5320202.03,2990,1105
5320203.00,11178,3734
5320204.00,3888,1563
5320205.00,5144,1588
5320206.00,4731,1492
5350001.00,695,245
5350002.00,563,245
5350003.00,1,1
5350004.00,6940,3398
5350005.00,5374,2432
5350006.00,247,0
5350007.01,3690,1749
5350007.02,5685,2686
5350008.00,1303,638
5350009.00,298,0
5350010.00,6891,3012
5350011.00,945,483
5350012.00,2174,1314
5350013.00,5299,3487
5350014.00,453,288
5350015.00,1877,1094
5350016.00,1465,654
5350017.00,5207,2776
5350018.00,1925,767
5350019.00,3417,1181
5350020.00,5,1
5350021.00,5248,2749
5350022.00,3805,1594
5350023.00,3292,1320
5350024.00,6688,2945
5350025.00,3249,1546
5350026.00,7174,2685
5350027.00,5065,1789
5350028.00,5529,2105
5350029.00,6616,2409
5350030.00,4183,1330
5350031.00,6492,2480
5350032.00,5078,2597
5350033.00,5157,2683
5350034.00,6637,3047
5350035.00,4013,2246
5350036.00,4194,2091
5350037.00,4547,1907
5350038.00,3420,1267
5350039.00,4418,1650
5350040.00,5119,1694
5350041.00,3635,1153
5350042.00,5393,1918
5350043.00,4387,1407
5350044.00,5785,2000
5350045.00,4048,1349
5350046.00,4061,1282
5350047.00,8021,3414
5350048.00,3706,1631
5350049.00,3534,1577
5350050.01,5786,2883
5350050.02,5161,2360
5350051.00,5364,2425
5350052.00,3834,1600
5350053.00,6056,1991
5350054.00,6492,2710
5350055.00,3035,1214
5350056.00,5483,1958
5350057.00,2485,1005
5350058.00,4375,1890
5350059.00,3654,1406
5350060.00,2253,1123
5350061.00,1648,443
5350062.00,8285,4958
5350063.01,6597,4595
5350063.02,5118,3527
5350064.00,2140,1414
5350065.00,15358,6998
5350066.00,6972,3948
5350067.00,1672,755
5350068.00,2446,1160
5350069.00,5812,2023
5350070.00,3394,1628
5350071.00,3376,1335
5350072.00,8258,3095
5350073.00,2858,983
5350074.00,4388,1547
5350075.00,4313,1718
5350076.00,4297,1818
5350077.00,4416,1776
5350078.00,6169,2797
5350079.00,5636,2317
5350080.00,7782,3316
5350081.00,3166,1070
5350082.00,2749,983
5350083.00,3899,1713
5350084.00,3796,1514
5350085.00,3975,2117
5350086.00,2779,956
5350087.00,4614,2308
5350088.00,1948,1008
5350089.00,1530,1066
5350090.00,3245,1788
5350091.01,5743,2981
5350091.02,3402,1975
5350092.00,7049,3804
5350093.00,5808,2139
5350094.00,5619,1926
5350095.00,3713,1239
5350096.00,5698,1868
5350097.01,4880,1559
5350097.02,5409,1870
5350098.00,6655,2303
5350099.00,6060,3101
5350100.00,1812,762
5350101.00,3266,1338
5350102.00,9096,4871
5350103.00,5652,2588
5350104.00,5241,2109
5350105.00,4961,1899
5350106.00,1987,634
5350107.00,4972,1484
5350108.00,6869,2275
5350109.00,3881,1181
5350110.00,4558,1419
5350111.00,2815,855
5350112.00,5867,1785
5350113.00,2935,1117
5350114.00,5530,2440
5350115.00,4682,1652
5350116.00,4119,1547
5350117.00,1840,873
5350118.00,2836,1303
5350119.00,4359,2329
5350120.00,1327,652
5350121.00,1743,963
5350122.00,4921,2973
5350123.00,2204,1511
5350124.00,4578,3076
5350125.00,4493,1595
5350126.00,3795,1722
5350127.00,4711,2184
5350128.01,6738,4094
5350128.02,5243,3103
5350129.00,4825,2254
5350130.00,3643,1387
5350131.00,5348,2386
5350132.00,5278,2026
5350133.00,6526,3417
5350134.00,2743,1043
5350135.00,5293,2962
5350136.00,8425,5997
5350137.00,6000,3230
5350138.00,2990,1075
5350139.00,6156,2484
5350140.00,2485,790
5350141.01,3880,1612
5350141.02,4358,1657
5350142.00,5155,2204
5350150.00,3886,1520
5350151.00,3885,1539
5350152.00,4538,1746
5350153.00,4677,1561
5350154.00,6013,2724
5350155.00,3569,1225
5350156.01,6386,2322
5350156.02,3082,1098
5350157.00,2832,1023
5350158.00,2292,937
5350159.00,8485,2890
5350160.00,3370,1062
5350161.00,7270,2449
5350162.00,5668,2125
5350163.00,5052,1773
5350164.00,6971,2480
5350165.00,4471,1982
5350166.00,4090,1630
5350167.01,2826,1797
5350167.02,6009,2930
5350168.00,5689,2430
5350169.01,3580,1329
5350169.02,6645,2968
5350170.00,3472,1204
5350171.00,4368,1468
5350172.00,2699,1157
5350173.00,3642,1334
5350174.00,5279,1940
5350175.01,4815,2115
5350175.02,6533,3370
5350176.00,4440,1648
5350180.00,6524,2744
5350181.01,4590,1844
5350181.02,3654,1553
5350182.00,5525,2154
5350183.00,6737,2527
5350184.01,4824,2122
5350184.02,3849,1649
5350185.01,7133,3266
5350185.02,4675,2092
5350186.00,1895,864
5350187.00,3072,1340
5350188.00,2001,814
5350189.00,6012,2167
5350190.01,8314,3441
5350190.02,4600,1973
5350191.00,4218,1740
5350192.00,640,350
5350193.00,2727,1038
5350194.00,14065,6109
5350195.00,5583,2503
5350196.00,7184,2995
5350200.00,7052,3710
5350201.00,3837,1800
5350202.00,1666,653
5350203.00,3290,1453
5350204.00,4931,2217
5350205.00,164,0
5350206.01,4263,1842
5350206.02,5819,2572
5350207.00,2618,1035
5350208.00,3746,1629
5350209.00,2867,1311
5350210.00,3185,1316
5350211.00,6595,2446
5350212.00,5448,2078
5350213.00,3659,1480
5350214.00,2828,1084
5350215.00,5667,2242
5350216.00,4905,1990
5350217.00,6290,2846
5350218.00,2269,939
5350219.00,3911,1631
5350220.00,3951,1561
5350221.01,6207,2703
5350221.02,4133,1571
5350222.01,5150,1915
5350222.02,5037,1794
5350223.00,3557,1282
5350224.00,1565,557
5350225.00,10204,4727
5350226.00,2671,1011
5350227.00,1768,640
5350228.00,2089,887
5350229.00,1104,388
5350230.01,1848,771
5350230.02,5584,2310
5350231.00,6767,2645
5350232.00,3885,1324
5350233.00,5096,1972
5350234.00,4316,1540
5350235.01,2677,921
5350235.02,5630,2017
5350236.01,6449,2517
5350236.02,6140,2083
5350237.01,6758,2088
5350237.02,2929,1011
5350237.03,5434,2089
5350238.01,3262,1240
5350238.02,5448,1989
5350239.00,6733,2399
5350240.01,3245,1163
5350240.02,5576,2561
5350241.00,2761,993
5350242.00,1734,581
5350243.01,6945,2188
5350243.02,3541,1278
5350244.01,3848,1249
5350244.02,6421,1935
5350245.00,7025,2643
5350246.00,3611,1253
5350247.00,10810,3071
5350248.01,10171,2652
5350248.02,6039,1719
5350248.03,2889,716
5350249.01,5039,1204
5350249.02,8544,2367
5350249.03,5475,1459
5350250.01,5058,1436
5350250.02,5146,1712
5350250.03,13438,4049
5350260.01,6843,2240
5350260.02,7864,2724
5350260.03,6393,2244
5350261.00,4739,1888
5350262.01,4473,2147
5350262.02,6218,2460
5350263.01,7884,4271
5350263.02,2234,934
5350264.00,1418,414
5350265.00,3427,978
5350266.00,3011,1018
5350267.00,6428,2069
5350268.00,6003,2583
5350269.00,7832,2873
5350270.01,4841,1822
5350270.02,4022,1534
5350271.01,2451,892
5350271.02,4338,1715
5350272.01,5961,2332
5350272.02,5057,1757
5350273.01,4130,1256
5350273.02,4472,1496
5350274.01,4904,1749
5350274.02,3099,1289
5350275.00,5010,2269
5350276.01,5636,2598
5350276.02,5424,2300
5350277.00,4040,1276
5350278.00,6723,2708
5350279.01,4098,1491
5350279.02,7214,2543
5350280.00,7494,2804
5350281.00,8316,2743
5350282.00,3484,1181
5350283.01,5636,1848
5350283.02,4769,1701
5350284.00,6881,2306
5350285.00,3411,1172
5350286.00,3365,1069
5350287.01,6032,2410
5350287.02,6188,2165
5350288.00,7487,2975
5350289.00,4649,1610
5350290.00,3911,1536
5350291.01,3851,1401
5350291.02,5067,1956
5350292.00,6362,2189
5350293.00,4592,1437
5350294.01,4593,1517
5350294.02,4641,1382
5350295.00,5331,1978
5350296.00,493,153
5350297.01,5157,2307
5350297.02,5566,2096
5350298.00,4027,1555
5350299.00,7438,2972
5350300.00,2758,1269
5350301.01,2957,1067
5350301.02,8221,2890
5350302.01,6757,2310
5350302.02,6666,2000
5350302.03,3839,1033
5350303.00,5591,1861
5350304.01,4555,1602
5350304.02,3936,1248
5350304.03,3422,978
5350304.04,3296,1400
5350304.05,2927,1075
5350304.06,5980,2078
5350305.00,9256,3410
5350306.00,7920,2569
5350307.00,10196,4386
5350308.01,5480,2697
5350308.02,4072,1546
5350309.00,5887,2329
5350310.01,3065,1165
5350310.02,4956,1857
5350311.01,10174,4146
5350311.02,6124,2202
5350311.03,2763,872
5350311.04,7391,2148
5350312.01,7544,2492
5350312.02,4209,1070
5350312.03,6918,2080
5350312.04,6849,1723
5350312.05,4615,1345
5350313.00,5575,1779
5350314.01,5649,1612
5350314.02,4423,1188
5350315.01,3504,1028
5350315.02,3491,1017
5350315.03,5002,1456
5350316.01,4386,1186
5350316.02,8890,2484
5350316.03,6363,1942
5350316.04,5068,1728
5350317.01,8091,3094
5350317.02,6931,3327
5350317.03,4111,1219
5350318.00,5801,2131
5350319.00,3856,1447
5350320.01,4621,1736
5350320.02,5375,2052
5350321.00,7938,2677
5350322.00,5607,2049
5350323.01,3688,1610
5350323.02,5892,1769
5350324.01,3954,1131
5350324.02,6792,2094
5350324.03,3722,1533
5350324.04,7671,2565
5350330.00,4607,1720
5350331.01,5674,2065
5350331.02,8790,2893
5350332.00,7043,2599
5350333.00,4135,1464
5350334.00,3511,1278
5350335.00,6378,2614
5350336.00,6544,2341
5350337.00,3085,1202
5350338.00,5922,2647
5350339.00,6633,3032
5350340.00,5663,2200
5350341.01,8785,3567
5350341.02,3977,1591
5350342.00,3768,1257
5350343.00,4142,1451
5350344.00,8604,3644
5350345.00,3500,1123
5350346.01,4877,1610
5350346.02,5582,1962
5350347.00,1048,299
5350348.00,4144,1379
5350349.00,5734,2270
5350350.00,5282,2099
5350351.00,7608,3030
5350352.00,4477,1573
5350353.01,7559,2613
5350353.02,4818,1623
5350354.00,5008,1676
5350355.01,8818,3207
5350355.02,5574,1915
5350356.00,4660,1512
5350357.01,6355,2321
5350357.02,5337,1697
5350358.01,3540,1097
5350358.02,4308,1810
5350358.03,5165,2046
5350359.00,7350,2534
5350360.00,5293,1716
5350361.01,5828,1660
5350361.02,4556,1388
5350362.01,6045,1849
5350362.02,4759,1282
5350362.03,7207,1933
5350362.04,4668,1575
5350363.01,8116,2596
5350363.02,3383,1073
5350363.03,6949,2658
5350364.01,6009,1877
5350364.02,2980,935
5350365.00,6043,1975
5350366.00,5933,2021
5350367.01,4703,1350
5350367.02,3523,1169
5350368.00,4341,1577
5350369.00,6816,2303
5350370.01,6950,2605
5350370.02,4384,1482
5350370.03,3880,1339
5350371.00,6927,2428
5350372.00,4032,1388
5350373.00,4789,1791
5350374.01,4087,1457
5350374.02,3466,1024
5350374.03,4209,1653
5350375.01,6096,2508
5350375.02,1732,629
5350375.03,5174,1858
5350375.04,5666,1590
5350375.05,6375,2381
5350376.01,5347,1542
5350376.02,5503,1555
5350376.03,8577,2658
5350376.04,5552,1609
5350376.05,4601,1133
5350376.06,31,13
5350376.07,5389,1993
5350376.08,6726,2100
5350376.09,5188,1555
5350376.10,7893,2331
5350377.01,6127,1931
5350377.02,4557,1328
5350377.03,2795,815
5350377.04,6311,1563
5350377.05,8117,2137
5350378.01,6889,1817
5350378.02,3246,885
5350378.03,5715,1511
5350378.04,5197,1380
5350378.05,4572,1202
5350378.06,5504,1379
5350378.07,7224,2224
5350378.08,6705,1840
5350378.09,8432,2411
5350378.10,7470,1779
5350378.11,4634,1306
5350378.12,5733,1741
5350378.13,10553,2789
5350378.14,4130,1137
5350378.15,9396,2442
5350400.01,1634,452
5350400.02,6862,1892
5350400.03,3062,834
5350400.04,2036,759
5350400.05,5085,1508
5350400.06,3395,1018
5350400.07,3708,1179
5350400.08,2790,1289
5350400.09,6226,1462
5350400.10,7107,1618
5350400.11,3097,755
5350400.12,7449,2036
5350401.01,6313,1537
5350401.02,10140,2959
5350401.03,6013,1521
5350401.04,3764,969
5350401.05,4,2
5350401.06,5523,1440
5350401.07,4393,1436
5350401.08,3692,1064
5350401.09,5432,1327
5350401.10,4711,1193
5350401.11,5811,1354
5350401.12,4861,1149
5350401.13,6111,1496
5350402.01,2830,850
5350402.02,3186,1108
5350402.03,3122,1205
5350402.04,5568,1747
5350402.05,2206,621
5350402.06,6270,2407
5350402.07,2399,756
5350402.08,7243,2155
5350402.09,3735,1457
5350402.10,3430,1088
5350402.11,6356,1536
5350403.00,7819,2189
5350410.01,11889,3851
5350410.02,4733,1317
5350410.03,7160,2030
5350410.04,4346,1172
5350410.05,5333,1458
5350410.06,7869,2494
5350410.07,4157,1026
5350410.08,8941,2373
5350411.01,4978,1285
5350411.02,2296,639
5350411.03,5618,1591
5350411.04,5773,1445
5350411.05,5004,1491
5350412.01,5535,1622
5350412.02,5616,1808
5350412.03,6093,1580
5350412.04,5240,1328
5350412.05,6325,1623
5350412.06,4354,1162
5350412.07,6237,1536
5350412.08,3241,855
5350412.09,8138,2118
5350413.00,3673,1110
5350420.01,13696,3416
5350420.02,7993,3237
5350420.03,6409,2179
5350420.04,9218,2130
5350421.01,6735,1907
5350421.02,7642,2780
5350421.03,7528,2371
5350422.01,5157,2133
5350422.02,5333,1907
5350423.01,3879,1288
5350423.02,6761,2154
5350424.01,12991,3433
5350424.02,2184,661
5350424.03,6199,1925
5350430.01,6436,2049
5350430.02,3651,1432
5350431.01,3839,1261
5350431.02,5909,1879
5350440.00,3836,1342
5350441.01,12033,3566
5350441.02,4709,1727
5350442.01,4334,1428
5350442.02,4288,1510
5350442.03,5657,1592
5350450.01,10068,3052
5350450.02,3185,1160
5350451.01,2503,875
5350451.02,5420,2216
5350451.03,7323,2215
5350451.04,6770,1971
5350452.01,3806,1188
5350452.02,5613,1887
5350452.03,6204,1930
5350452.04,6233,1687
5350455.00,5486,1793
5350456.01,4470,1360
5350456.02,5273,1588
5350456.03,4541,1387
5350460.01,5114,1624
5350460.02,3680,1214
5350461.01,3177,1020
5350461.02,6252,2083
5350470.00,2726,965
5350471.00,3578,1174
5350472.00,4041,1340
5350473.00,13027,4334
5350474.00,3458,1288
5350475.00,5978,2343
5350476.00,2170,891
5350480.00,7831,2562
5350481.00,7168,2200
5350482.00,5214,1617
5350483.00,7092,2361
5350484.00,7126,2476
5350485.00,8684,3102
5350500.01,3771,1547
5350500.02,5148,2022
5350501.01,5927,2260
5350501.02,6645,2057
5350502.01,6203,1926
5350502.02,2823,920
5350503.00,5534,1804
5350504.00,3425,1188
5350505.01,4753,1424
5350505.02,4168,1344
5350506.00,2576,826
5350507.00,3650,1326
5350508.00,3501,1107
5350509.01,3974,1333
5350509.02,3058,1195
5350510.00,5774,1931
5350511.01,6058,2590
5350511.02,5398,1789
5350512.00,5805,2269
5350513.01,6951,2182
5350513.02,6638,2273
5350513.03,3691,1141
5350513.04,4209,1117
5350514.00,8504,2534
5350515.01,4738,1492
5350515.02,3446,1190
5350516.01,6115,1778
5350516.02,5278,1559
5350516.03,6174,2175
5350516.04,5902,2446
5350516.05,7014,2125
5350516.06,5096,1763
5350516.07,7852,2495
5350516.08,6553,2174
5350516.09,7456,2333
5350516.10,7038,1791
5350516.11,5068,1406
5350516.12,20663,5937
5350516.13,16005,4345
5350516.14,4215,1194
5350516.15,10915,3312
5350516.16,4991,1588
5350517.00,1826,575
5350518.00,4825,1612
5350519.00,4043,1234
5350520.01,5576,1450
5350520.02,5487,1604
5350520.03,9656,3665
5350520.04,5633,2454
5350521.01,5116,2288
5350521.02,3909,1143
5350521.03,5539,1498
5350521.04,7027,2137
5350521.05,3947,1641
5350521.06,4953,2143
5350522.00,6429,1975
5350523.00,5910,2349
5350524.01,4485,1407
5350524.02,3775,1558
5350525.01,3956,1117
5350525.02,4249,1522
5350526.01,6493,1977
5350526.02,3089,1162
5350527.01,4250,1206
5350527.02,5835,1750
5350527.03,5460,1719
5350527.04,6377,2085
5350527.05,5634,1624
5350527.06,4681,1392
5350527.07,5578,1605
5350527.08,5003,1272
5350527.09,3759,1074
5350528.01,4334,1154
5350528.02,5450,1421
5350528.03,9792,3298
5350528.04,5169,1481
5350528.05,9235,2180
5350528.06,19613,5344
5350528.07,9475,2699
5350528.08,14557,4053
5350528.09,25437,7286
5350529.01,3908,1121
5350529.02,4732,1342
5350530.00,8616,2403
5350531.01,4032,1128
5350531.02,7146,1799
5350532.01,4606,1166
5350532.02,5178,1225
5350540.01,5485,2671
5350540.02,4564,2126
5350550.01,4864,1593
5350550.02,6889,2488
5350560.00,6661,2081
5350561.00,5293,1694
5350562.01,7423,2856
5350562.02,7193,2052
5350562.03,5755,1546
5350562.04,5133,1386
5350562.05,5807,2132
5350562.06,2891,757
5350562.07,5063,1354
5350562.08,4841,1383
5350562.09,4470,1269
5350562.10,7891,2065
5350562.11,3432,979
5350563.01,6600,2493
5350563.02,3179,1005
5350564.01,2465,748
5350564.02,5303,1468
5350570.01,3210,1334
5350570.02,3757,1299
5350571.01,3704,1135
5350571.02,4216,1496
5350572.01,7272,2628
5350572.02,9131,3265
5350572.03,11912,2999
5350573.01,10051,2835
5350573.02,6612,2278
5350573.03,6193,1766
5350574.00,5086,2300
5350575.01,6824,1940
5350575.02,4655,1917
5350575.03,7164,1896
5350575.04,7005,2015
5350575.05,4664,1376
5350575.06,4548,1188
5350576.01,2344,799
5350576.02,9092,2499
5350576.03,14763,4165
5350576.04,5140,1401
5350576.05,7046,1810
5350576.06,6198,1674
5350576.07,4279,1166
5350585.01,7642,2389
5350585.02,3612,1057
5350585.03,3789,1256
5350585.04,8503,2558
5350586.00,6434,2103
5350587.01,5000,1587
5350587.02,4995,1744
5350590.00,5322,1975
5350591.00,5390,1609
5350592.00,10786,3691
5350593.00,6552,2156
5350600.01,6783,2053
5350600.02,7465,2070
5350601.00,4008,1307
5350602.00,4448,1479
5350603.00,4814,2386
5350604.00,2361,1186
5350605.00,2107,806
5350606.00,5675,2105
5350607.00,3152,1105
5350608.00,2759,900
5350609.00,2616,920
5350610.01,7642,3532
5350610.02,4246,1327
5350611.00,5338,1703
5350612.01,58,25
5350612.02,2324,796
5350612.03,5966,1702
5350612.04,8513,2483
5350612.05,5830,1788
5350612.06,8535,2383
5350612.07,4110,1333
5350612.08,3022,773
5350612.09,4217,1168
5350612.10,71,20
5350613.01,4642,1503
5350613.02,9057,3571
5350614.00,8092,2500
5350615.00,554,206
5350620.00,3212,1104
5350621.00,6235,1659
5350622.00,6545,2173
5350623.00,3497,1588
5350624.00,6172,1958
5350625.00,712,195
5350626.00,5731,1826
5350630.00,3541,1165
5350631.00,4685,1336
5350632.00,4243,1460
5350633.00,2558,1022
5350634.00,5584,1901
5350635.00,4545,1781
5350636.00,2970,988
5350637.00,6334,1953
5350638.00,5153,1820
5350639.00,2777,922
5350800.01,2454,919
5350800.02,5155,1768
5350801.01,4166,1352
5350801.02,5854,1799
5350802.00,7922,2338
5350803.01,8631,2546
5350803.02,7920,2244
5350804.01,6844,1982
5350804.02,7395,2692
5350804.03,7554,2200
5350804.04,10760,2836
5350804.05,5823,1699
5350805.01,11483,3209
5350805.02,5043,1503
5350805.03,7370,2212
5350806.00,2327,742
5350807.00,2741,889
5350810.01,4022,1628
5350810.02,2666,998
5350810.03,3689,1195
5350810.04,6457,2094
5350810.05,4190,1342
5350811.00,2878,1198
5350812.00,6146,1865
5350820.00,11851,3524
5350830.00,4116,1332
5350831.00,8021,2856
5350832.00,3745,1199
5370001.01,2018,647
5370001.02,5147,1523
5370001.03,5847,1802
5370001.04,4786,1377
5370001.05,2255,756
5370001.06,5484,1521
5370001.07,4081,1207
5370002.01,3349,991
5370002.02,5284,1821
5370002.03,3657,1061
5370002.04,5125,1443
5370003.01,3657,1484
5370003.02,3670,1295
5370003.03,3347,1025
5370003.04,6080,2160
5370004.01,3342,1339
5370004.02,4348,1653
5370005.01,6207,2184
5370005.02,4122,1365
5370005.03,3789,1288
5370006.00,4869,2054
5370007.00,3277,1538
5370008.00,2655,1084
5370009.00,3719,1335
5370010.00,3238,1341
5370011.00,2330,928
5370012.00,1607,718
5370013.00,2897,1097
5370014.00,2722,1039
5370015.00,1602,599
5370016.00,171,23
5370017.00,3230,1211
5370018.00,155,0
5370019.00,3847,1672
5370020.00,4076,1686
5370021.00,4842,2009
5370022.00,4751,2290
5370023.00,2358,946
5370024.00,2523,1072
5370025.00,2978,1124
5370026.01,3456,1646
5370026.02,1652,792
5370026.03,1965,597
5370026.04,1837,619
5370026.05,4480,1662
5370026.06,6006,2008
5370027.00,1057,464
5370028.00,2768,1202
5370029.00,4171,1976
5370030.00,4378,1663
5370031.00,2213,881
5370032.00,3378,1382
5370033.00,3332,1447
5370034.00,4622,2659
5370035.00,4112,1885
5370036.00,2394,1235
5370037.00,2349,1818
5370038.00,3483,2409
5370039.00,4854,3041
5370040.00,2117,1128
5370041.00,2209,1047
5370042.00,2849,1252
5370043.00,4389,2106
5370044.00,4509,2447
5370045.00,3747,1571
5370046.00,3049,1450
5370047.00,3182,1500
5370048.00,1404,830
5370049.00,2233,925
5370050.00,4321,2283
5370051.00,4470,2029
5370052.00,3768,1692
5370053.00,3472,1322
5370054.00,2766,1111
5370055.00,3152,1226
5370056.00,3458,1397
5370057.00,3188,1322
5370058.00,2524,1039
5370059.00,3373,1285
5370060.00,2668,1026
5370061.00,3365,1271
5370062.00,3843,1445
5370063.00,3098,1156
5370064.00,1898,697
5370065.00,2646,938
5370066.00,5857,2135
5370067.00,1986,724
5370068.00,1020,405
5370069.00,893,382
5370070.00,2379,848
5370071.00,7117,2779
5370072.01,159,55
5370072.02,3980,1680
5370072.03,6561,2734
5370072.04,3627,1171
5370073.00,1126,488
5370080.01,2366,745
5370080.02,9967,2801
5370080.03,4084,1210
5370081.00,2284,1048
5370082.00,3643,1707
5370083.00,2545,1155
5370084.01,2816,930
5370084.02,3492,1211
5370084.03,2375,741
5370084.04,1429,665
5370084.05,2884,850
5370085.01,4699,1329
5370085.02,6224,1868
5370085.03,2344,823
5370086.00,3166,1103
5370100.00,4339,1396
5370101.00,6225,2092
5370120.00,3659,1194
5370121.00,1711,574
5370122.00,7838,2444
5370123.00,6799,2303
5370124.00,3308,1013
5370130.00,7927,2607
5370131.00,4394,1669
5370132.00,3093,1445
5370133.00,7322,2663
5370140.00,11632,3922
5370141.00,4461,1512
5370142.00,7670,2527
5370143.00,3863,1282
5370144.00,6888,2253
5370200.00,2376,781
5370201.00,2802,984
5370202.00,3655,1428
5370203.00,2332,919
5370204.00,5088,1972
5370205.00,7671,3554
5370206.00,3739,1878
5370207.01,6553,2205
5370207.02,6913,1947
5370207.03,4313,1390
5370207.04,2425,916
5370208.00,3247,1238
5370209.00,1744,615
5370210.00,2390,813
5370211.00,2927,1212
5370212.00,1436,632
5370213.00,3422,1832
5370214.00,2608,1129
5370215.00,2847,1287
5370216.00,4042,1461
5370217.01,5127,2419
5370217.02,3471,1183
5370218.00,6119,2040
5370219.00,4597,1582
5370220.00,5860,2414
5370221.00,3265,1125
5370222.00,6477,2327
5370223.01,3099,971
5370223.02,4545,1317
5370223.03,7900,2227
5370223.04,10198,3372
5370224.00,3788,1254
5370300.00,1980,630
5370301.00,3760,1200
5370302.00,5735,2405
5370303.00,8110,2611
5390001.00,4582,1747
5390002.00,6698,3035
5390003.00,9550,3499
5390004.00,7673,2615
5390005.00,3170,1850
5390006.00,2002,794
5390007.01,4503,1707
5390007.02,5363,1890
5390008.00,2464,1107
5390009.00,6222,3006
5390010.00,3863,1877
5390011.00,7294,2988
5390012.01,4772,2040
5390012.02,6135,2489
5390013.01,4624,2055
5390013.02,4759,1834
5390014.01,3854,1659
5390014.02,5398,2083
5390014.03,3210,1412
5390015.00,649,234
5390016.01,5071,2031
5390016.02,4632,1678
5390017.01,3869,1453
5390017.02,4888,1780
5390018.01,4821,1747
5390018.02,4801,1708
5390018.03,4072,1518
5390019.00,1266,429
5390020.00,721,250
5390100.00,2917,1314
5390101.00,6237,2377
5390102.00,8729,2944
5390110.00,3509,1576
5390111.00,5595,1764
5390112.00,4134,1447
5390200.00,2281,817
5390201.00,4887,1841
5390202.00,423,221
5390203.01,5634,2218
5390203.02,3820,1300
5390204.00,6696,2974
5390205.00,1915,853
5390206.00,5172,2253
5390207.00,5669,2520
5390208.00,6358,2431
5390209.01,7495,2579
5390209.02,6649,2208
5390210.00,1274,492
5390211.00,4541,1491
5390212.00,1950,983
5390213.00,3014,1072
5390214.00,4753,1844
5390215.00,4386,1988
5390220.00,9097,3273
5390221.00,5246,1805
5390230.00,6253,2171
5390240.00,6578,2382
5390241.00,2972,925
5390242.00,9251,3138
5390300.00,1225,456
5390301.00,4778,1902
5390302.00,3534,1336
5390303.00,1382,476
5390304.00,3937,1598
5390305.00,2162,941
5390306.00,2121,1034
5390307.00,4838,2202
5390308.00,1722,665
5390309.00,2644,1126
5390310.01,2883,1289
5390310.02,4803,1795
5390311.01,7860,2616
5390311.02,4522,1663
5390320.00,3688,1514
5390321.00,4793,1952
5390322.00,3365,1520
5390323.00,3080,1126
5390324.00,3525,1336
5390330.00,4545,1927
5390331.00,7271,2948
5390332.00,4220,1638
5390333.00,2850,1130
5390334.00,8297,3749
5410001.01,6108,2395
5410001.02,5017,1510
5410002.01,2381,967
5410002.02,6481,2244
5410002.03,3148,1148
5410002.04,3948,1305
5410002.05,7060,2002
5410002.06,3343,1026
5410003.00,3109,1230
5410004.01,6243,2125
5410004.02,7032,2517
5410005.00,7309,3141
5410006.00,1240,583
5410007.00,7340,3164
5410008.01,5632,2094
5410008.02,3803,1199
5410008.03,7833,2175
5410008.04,5064,1446
5410009.01,6414,2444
5410009.02,6716,2488
5410009.03,5187,1541
5410010.00,4653,1978
5410011.00,4534,2098
5410012.00,2065,1023
5410013.00,3433,1418
5410014.01,8017,2775
5410014.02,4803,1793
5410014.03,6343,2412
5410015.00,5415,2369
5410016.00,5648,2829
5410017.00,1498,892
5410018.00,2240,870
5410019.00,3880,1663
5410020.00,2619,1296
5410021.00,4702,2091
5410022.00,1115,498
5410023.00,3669,1707
5410024.00,2846,1060
5410025.00,494,170
5410100.00,5527,2243
5410101.01,3237,1613
5410101.02,273,58
5410101.03,7095,2450
5410101.04,3858,1294
5410102.00,2090,1082
5410103.00,3975,1854
5410104.00,7194,2960
5410105.00,1547,797
5410106.01,3231,1739
5410106.02,3831,1851
5410106.03,11,4
5410107.01,5336,1699
5410107.02,5454,2432
5410108.00,5098,1754
5410109.01,6124,1878
5410109.02,5851,1833
5410109.03,8255,2692
5410110.00,2539,880
5410111.01,6891,2113
5410111.02,7895,2762
5410120.01,5198,1617
5410120.02,5840,1968
5410121.00,5189,2060
5410122.01,5418,2005
5410122.02,4723,1589
5410123.01,4825,1856
5410123.02,2436,776
5410124.00,2350,1176
5410125.00,5491,2025
5410126.01,3484,1406
5410126.02,4663,1560
5410126.03,7690,2161
5410126.04,7791,2326
5410126.05,577,178
5410127.01,4388,1544
5410127.02,4445,1817
5410128.00,1760,852
5410129.00,7993,2993
5410130.00,5406,1646
5410131.01,4023,1572
5410131.02,7757,2408
5410140.00,7799,2530
5430001.00,7268,2875
5430002.00,6800,2524
5430003.00,1929,784
5430004.00,3346,1373
5430005.00,4111,1799
5430006.00,1143,587
5430007.00,3217,1330
5430008.00,2942,1377
5430009.00,5306,2005
5430010.00,4663,1746
5430011.00,11063,3641
5430012.00,6259,2729
5430013.00,4842,1836
5430014.01,4404,1530
5430014.02,6887,2607
5430014.03,5382,1946
5430014.04,4595,1393
5430100.00,2868,915
5430101.00,3069,1039
5430102.00,1157,404
5430110.00,8987,3142
5500001.01,6296,2010
5500001.02,5577,1813
5500001.03,4165,1703
5500001.04,6512,1995
5500002.00,4436,1873
5500003.00,3921,1640
5500004.00,6506,2134
5500005.00,5247,2213
5500006.00,1496,973
5500007.00,4401,1957
5500008.00,3218,1526
5500009.01,7345,2104
5500009.02,9195,2976
5500010.01,5064,2099
5500010.02,2526,945
5500011.00,5747,2421
5500012.00,4359,1817
5500013.01,3191,1292
5500013.02,4505,1535
5500014.00,5396,2275
5500100.00,6317,2111
5550001.01,7466,2493
5550001.02,4584,1566
5550001.03,4278,1267
5550001.04,9381,3174
5550002.01,4038,1205
5550002.02,3072,993
5550002.03,2370,726
5550002.04,2731,784
5550003.00,1299,295
5550004.01,5215,2038
5550004.02,7503,2628
5550005.01,6227,2283
5550005.02,3924,1619
5550005.03,5661,2024
5550006.01,3919,1491
5550006.02,3915,1349
5550006.03,6974,2106
5550007.00,7733,3050
5550008.00,3989,1365
5550009.01,2673,914
5550009.02,6624,2650
5550010.01,2543,1210
5550010.02,4949,2389
5550011.00,5425,2693
5550012.00,5332,2316
5550013.00,4211,1767
5550014.00,4454,1918
5550015.00,1720,800
5550016.00,2455,1004
5550017.00,4167,2455
5550018.00,5205,2509
5550019.00,1083,502
5550020.01,3760,2091
5550020.02,5280,3539
5550021.00,4656,2574
5550022.00,3615,2531
5550023.00,2873,1412
5550024.00,4033,1676
5550025.00,4835,1938
5550026.00,6413,2313
5550027.01,6278,2152
5550027.02,10391,3565
5550028.00,2720,1074
5550029.00,3330,1403
5550030.00,4181,1999
5550031.00,1440,656
5550032.00,4369,2011
5550033.00,4478,2773
5550034.00,4106,2492
5550035.00,0,0
5550036.00,4598,2179
5550037.00,4741,1879
5550038.00,4245,1629
5550039.00,5120,2346
5550040.00,2692,1220
5550041.00,3669,1460
5550042.00,3888,1587
5550043.00,3631,1585
5550044.01,4115,1542
5550044.02,3330,1186
5550044.03,7422,2415
5550044.04,2757,894
5550044.05,3868,1256
5550045.00,1662,1013
5550046.00,6067,2352
5550047.00,5263,1797
5550048.00,4179,1781
5550049.01,4563,1633
5550049.02,3746,1623
5550050.00,11279,3813
5550051.00,4892,1695
5550100.00,8667,2928
5550110.00,8404,2807
5550120.00,5743,1952
5550130.00,3700,1240
5550140.00,2740,819
5550150.00,5553,1760
5550200.00,4445,1645
5550201.00,2801,1126
5550202.00,2481,1018
5550203.00,3692,1410
5550204.00,8786,3331
5550205.00,3046,1260
5550206.00,3970,1754
5550207.00,3848,1433
5550210.00,1254,415
5550220.00,7599,2766
5550230.00,4282,1408
5590001.00,4348,1525
5590002.00,3223,1220
5590003.00,5974,2053
5590004.00,6130,2201
5590005.00,3844,1378
5590006.00,4581,1546
5590007.00,1281,431
5590008.00,502,188
5590009.00,6877,3172
5590010.00,6690,2407
5590011.00,4885,1652
5590012.00,325,87
5590013.00,3517,1764
5590014.00,2905,1285
5590015.00,5370,1874
5590016.00,3943,1482
5590017.00,4578,1805
5590018.01,8232,3085
5590018.02,5329,2319
5590019.01,4792,1486
5590019.02,7806,2202
5590019.03,4055,1368
5590020.00,6010,2159
5590021.00,5101,2045
5590022.00,2829,1166
5590023.00,2584,1080
5590024.00,4350,1729
5590025.00,2440,1065
5590026.00,4219,1848
5590027.00,1289,498
5590028.00,4464,1867
5590029.00,2875,1481
5590030.00,3808,1868
5590031.00,1783,696
5590032.00,5001,2462
5590033.00,5389,2683
5590034.00,4796,1931
5590035.00,4419,2378
5590036.00,2681,1136
5590037.00,3687,1445
5590038.00,1730,725
5590039.00,3597,1394
5590040.00,4794,2458
5590041.00,7313,2971
5590042.00,6006,2363
5590043.00,7342,3667
5590100.00,7527,2425
5590101.00,8095,2509
5590102.00,4944,1639
5590110.00,6618,2052
5590120.01,7225,2200
5590120.02,3705,1227
5590120.03,5603,1953
5590130.00,8579,2919
5590140.00,2791,911
5590150.00,7911,2897
5590155.00,4000,1422
5590160.00,8263,3052
5590170.00,5730,1850
5620001.00,814,287
5620002.00,2968,1265
5620003.00,5099,2194
5620004.00,3488,1398
5620005.00,3029,1198
5620006.00,3732,1742
5620007.00,2049,1382
5620008.00,3427,1751
5620009.00,5762,2348
5620010.00,3845,1336
5620011.00,3424,1470
5620012.00,3180,1228
5620013.00,4808,2002
5620100.00,2257,939
5620101.01,4466,1381
5620101.02,2379,804
5620101.03,4579,1476
5620102.01,2548,791
5620102.02,4407,1615
5620102.03,7143,2345
5620102.04,2389,974
5620110.01,6298,2164
5620110.02,1776,619
5620110.03,2613,904
5680001.00,8146,2558
5680002.00,1498,463
5680003.00,100,37
5680004.00,7323,2344
5680005.00,7035,2464
5680006.00,3252,1819
5680007.00,3595,1538
5680008.00,1227,495
5680009.00,6586,1987
5680010.00,4189,1401
5680011.00,10014,3482
5680012.00,5409,1643
5680013.00,6777,3044
5680014.00,5052,2175
5680015.00,6549,2070
5680016.00,2439,1039
5680100.00,3320,1197
5680101.00,4849,1599
5680102.00,5037,1630
5680103.00,8094,2699
5680104.00,3411,1668
5680200.00,4434,1404
5680201.00,4312,1380
5680202.00,6047,2096
5750001.00,306,118
5750002.00,6645,2374
5750003.00,4199,1476
5750004.00,3029,1389
5750005.00,1240,795
5750006.00,2348,1011
5750007.00,2306,1152
5750008.00,4597,1955
5750009.00,2392,1148
5750010.00,2104,890
5750011.00,3947,1638
5750012.00,4659,1708
5750013.00,2826,933
5750014.00,3659,1141
5750015.00,2988,1181
5750016.00,3360,1103
5750017.00,3727,1417
5750100.00,3168,1192
5750101.00,4139,1370
5750102.00,1381,506
5750110.00,1765,616
5800001.01,6667,2732
5800001.02,2967,1763
5800001.03,2930,997
5800001.04,7531,2757
5800002.00,4863,2045
5800003.00,4069,2037
5800004.00,5317,2400
5800005.00,2430,1449
5800006.00,4297,1909
5800007.00,6178,2230
5800008.00,4532,1595
5800009.00,6785,2707
5800010.00,3158,1566
5800011.00,2483,1385
5800012.00,2509,1220
5800013.00,0,0
5800014.00,3559,1633
5800015.00,3981,1903
5800016.01,2205,852
5800016.02,4742,1712
5800017.01,4538,1438
5800017.02,3679,1326
5800100.00,2304,884
5800101.00,6152,2092
5800102.00,4561,1609
5800110.00,2639,1098
5800130.00,3085,1209
5800131.00,3870,1270
5800132.00,3726,1303
5800140.00,5277,1921
5800160.00,4122,1474
5800161.01,4184,1585
5800161.02,3486,1206
5800162.00,4125,1355
5800190.00,3489,1138
5800191.00,6212,2118
5800192.00,5984,1820
5800193.00,7852,2470
5900001.01,5235,1598
5900001.02,2654,1000
5900002.00,2221,793
5900003.00,4615,1705
5900004.00,4646,1654
5900005.00,2909,1382
5900006.00,2957,1797
5900007.00,2545,1253
5900008.00,1393,519
5900009.00,3261,1107
5900010.00,4260,1452
5900011.00,5690,1999
5900012.00,2805,1178
5900013.00,2858,1151
5900014.00,3025,1220
5900015.00,6379,2573
5900016.00,7202,3052
5900017.00,7362,3018
5900018.01,3084,884
5900018.02,4953,1821
5900100.00,0,0
5900101.00,2594,894
5900102.00,971,331
5950001.00,1859,740
5950002.00,3840,1567
5950003.00,5582,2359
5950004.00,4119,1731
5950005.00,4956,2026
5950006.00,1037,634
5950007.00,5410,2436
5950008.00,4824,2026
5950009.01,3466,1206
5950009.02,5952,1865
5950010.01,1407,577
5950010.02,3539,1579
5950011.01,1340,585
5950011.02,4440,2058
5950011.03,2370,706
5950012.00,3478,1301
5950013.00,3527,1428
5950014.00,3790,2019
5950015.00,2885,1369
5950016.00,3888,1722
5950017.00,3484,1332
5950018.00,5318,2204
5950019.00,3309,1394
5950020.00,847,329
5950021.00,5284,2068
5950022.01,8065,2687
5950022.02,6985,2288
5950023.00,8661,2818
5950100.01,4878,1609
5950100.02,4676,1559
5950101.00,2346,880
6020001.00,4157,1786
6020002.00,5460,2386
6020003.00,5258,2511
6020004.01,4509,2290
6020004.02,3343,1559
6020005.00,5391,2025
6020006.00,5449,2580
6020007.00,3896,1595
6020008.00,3020,1140
6020009.00,3152,1223
6020010.00,5545,2438
6020011.00,6425,4085
6020012.00,4614,2876
6020013.00,1393,844
6020014.00,5917,4004
6020015.00,5771,3463
6020016.00,2491,1065
6020017.00,3455,1518
6020018.00,2834,1275
6020019.00,3248,1319
6020020.00,2443,1041
6020021.00,6364,2444
6020022.00,4067,1716
6020023.00,4565,2530
6020024.00,605,200
6020025.00,3041,1111
6020026.00,1779,686
6020027.00,1769,699
6020028.00,4657,1682
6020029.00,5230,1927
6020030.00,3689,1434
6020031.00,2220,932
6020032.00,5691,2300
6020033.00,879,299
6020034.00,2221,953
6020035.00,2112,628
6020036.00,783,333
6020037.00,3267,1300
6020038.00,5521,2479
6020039.00,3872,1581
6020040.00,2073,796
6020041.00,3747,1488
6020042.00,2660,1051
6020043.00,4136,1753
6020044.00,2461,1034
6020045.00,5908,2304
6020046.00,2428,988
6020047.00,4576,1813
6020048.00,4565,1826
6020049.00,2443,1063
6020050.01,2940,1081
6020050.02,3383,1346
6020051.01,3626,1031
6020051.02,6981,1879
6020051.03,6539,1847
6020052.00,0,0
6020100.01,4279,1299
6020100.02,1258,413
6020100.03,7855,2661
6020100.04,8431,2973
6020101.01,5975,2398
6020101.02,4991,1509
6020102.01,5348,1799
6020102.02,3761,1741
6020102.03,3131,1529
6020102.04,5034,2388
6020103.00,3055,1266
6020104.00,3590,1872
6020105.00,2986,1274
6020110.01,387,148
6020110.02,5473,1864
6020110.03,8900,2919
6020111.00,4521,1680
6020112.01,3381,1254
6020112.02,4793,1913
6020113.00,2785,1248
6020114.00,3250,1550
6020115.00,3113,1312
6020116.00,5478,2830
6020117.00,2812,1216
6020120.01,4203,1275
6020120.02,4869,1553
6020120.03,3953,1429
6020121.00,2091,872
6020122.01,4772,1887
6020122.02,3754,1257
6020123.00,5450,2076
6020130.01,4991,1969
6020130.02,6260,2343
6020131.00,3904,1751
6020132.00,2862,1312
6020133.00,3649,1562
6020134.00,5200,2420
6020140.01,6373,2050
6020140.02,6699,2042
6020140.03,4315,1304
6020141.01,3539,1461
6020141.02,4040,1783
6020142.01,4919,1910
6020142.02,5931,1847
6020142.03,4230,2563
6020142.04,2983,982
6020150.00,6437,2046
6020160.00,5631,1970
6020161.00,3217,1177
6020500.01,7057,2739
6020500.02,6204,2081
6020500.03,10049,3004
6020500.04,6956,2769
6020501.01,3929,1983
6020501.02,6340,2147
6020501.03,5592,2867
6020502.00,2344,902
6020503.00,3654,1455
6020510.01,6635,2055
6020510.02,6809,2501
6020520.01,1479,471
6020520.02,2162,719
6020520.03,6536,2212
6020521.00,7541,2546
6020522.01,4872,1983
6020522.02,5516,1833
6020530.00,1984,952
6020531.00,5737,2587
6020532.00,957,385
6020533.00,4413,1711
6020534.00,3609,1789
6020535.00,4042,1604
6020536.00,7073,3290
6020537.01,3112,1370
6020537.02,3406,1146
6020537.03,2675,1035
6020538.00,2163,816
6020539.01,3776,1301
6020539.02,4518,1691
6020540.01,2276,771
6020540.02,3610,1483
6020540.03,5116,2243
6020540.04,2676,1125
6020541.00,440,113
6020542.00,2450,950
6020550.00,2623,1096
6020551.00,5423,2468
6020552.01,4885,1996
6020552.02,3710,1661
6020553.00,4461,2102
6020560.01,4513,1185
6020560.02,7245,2548
6020560.03,7282,2346
6020560.04,6278,1922
6020560.05,3777,1195
6020570.00,3720,1172
6020580.00,992,328
6020585.00,1349,436
6020590.01,7382,2442
6020590.02,4780,1535
6020595.00,8273,2464
6020600.00,5380,1694
7050001.01,3346,1186
7050001.02,3847,1518
7050002.01,4271,1811
7050002.02,6295,2769
7050003.00,5013,2226
7050004.00,1766,833
7050005.00,4465,1827
7050006.00,6756,2811
7050007.00,1748,772
7050008.01,5617,2530
7050008.02,3118,1152
7050009.01,3936,1753
7050009.02,4089,1442
7050010.00,2581,1497
7050011.00,3568,2895
7050012.00,5360,2815
7050013.00,464,406
7050014.00,1780,844
7050015.00,2179,852
7050016.00,6388,2235
7050017.00,1951,755
7050018.00,6010,2349
7050019.00,4500,1884
7050020.00,3071,1324
7050021.00,2469,1032
7050022.01,1965,741
7050022.02,5171,1761
7050023.01,3440,1160
7050023.02,4298,1594
7050024.00,2924,1087
7050025.01,3726,1558
7050025.02,3151,1373
7050026.00,3739,1839
7050027.00,3546,1366
7050028.01,3313,1087
7050028.02,4207,1316
7050028.03,5041,1568
7050100.01,4412,1355
7050100.02,1957,541
7050100.03,6664,1982
7050100.04,1403,395
7050100.05,2627,858
7050100.06,7981,2470
7050100.07,6815,2053
7050100.08,4808,1566
7050100.09,6016,1991
7050101.00,6442,2003
7050102.00,4284,1568
7050103.00,1134,365
7250001.00,6276,2921
7250002.01,3064,1157
7250002.02,4679,1684
7250003.00,4645,1899
7250004.00,4927,2269
7250005.00,6677,2523
7250006.01,5200,2120
7250006.02,4291,1810
7250006.03,5605,2009
7250006.04,4760,1332
7250007.00,1821,762
7250008.00,2482,1880
7250009.00,4428,2331
7250010.00,5831,2905
7250011.01,3315,1438
7250011.02,3167,1490
7250011.03,3057,1420
7250012.01,5655,2025
7250012.02,4808,1735
7250012.03,3962,1530
7250012.04,8009,2765
7250012.05,7076,2775
7250013.01,4334,1890
7250013.02,6217,2224
7250013.03,4451,1319
7250013.04,1256,375
7250014.00,4329,2286
7250015.00,4713,2942
7250016.00,1857,846
7250017.00,3985,1774
7250018.01,4276,1534
7250018.02,4550,1307
7250018.03,6433,2099
7250018.04,4915,1536
7250018.05,3250,1066
7250019.00,3660,1582
7250020.00,4861,2040
7250021.01,4009,1758
7250021.02,5537,2192
7250021.03,5527,2087
7250021.04,5164,1713
7250021.05,6537,1917
7250022.00,51,56
7250100.00,3315,1092
7250101.00,4792,1556
7250102.00,8553,2553
7250103.00,2434,836
7250104.00,1374,462
7250105.00,4112,1458
7250110.00,829,336
8100001.00,140,52
8100002.00,4276,1755
8100003.00,3567,1589
8100004.00,2955,1181
8100005.00,4170,1806
8100006.00,3570,1697
8100007.00,985,612
8100008.00,2843,1277
8100009.00,2249,932
8100010.00,31,10
8100011.00,4503,1906
8100012.00,1994,803
8100013.00,3824,1492
8100014.00,4790,1811
8100015.00,4092,1352
8100016.00,2122,714
8100017.00,4660,1485
8100018.00,4406,1516
8100019.00,3777,1435
8100020.00,4049,1315
8100021.00,50,16
8250001.01,5800,2092
8250001.02,6775,2137
8250001.03,2524,811
8250001.04,6947,2162
8250001.05,3422,1037
8250001.06,4473,1348
8250001.07,7300,2348
8250001.08,5479,1830
8250001.09,6993,2305
8250001.10,3468,1048
8250001.11,4862,1474
8250001.12,8334,2618
8250001.13,5428,1703
8250001.14,2793,957
8250001.15,8881,2430
8250001.16,7515,2482
8250001.17,5600,1604
8250002.01,17323,5854
8250002.02,6089,1871
8250002.03,8135,2336
8250003.00,4107,1531
8250004.00,3571,1258
8250005.00,2286,965
8250006.00,5969,2302
8250007.01,6821,2490
8250007.02,6786,2310
8250007.03,6903,2266
8250007.04,5870,2345
8250008.00,3567,1351
8250009.00,2573,1262
8250010.00,6072,3035
8250011.00,3542,1343
8250012.00,3749,1511
8250013.00,4336,2163
8250014.00,5538,1960
8250015.00,3596,1332
8250016.00,4747,1948
8250017.01,4903,1988
8250017.02,10207,3890
8250018.00,5328,2082
8250019.00,4898,1945
8250020.00,4027,1900
8250021.00,3516,1733
8250022.00,3704,1203
8250023.00,3721,1616
8250024.00,4848,2429
8250025.00,4785,2477
8250026.00,3160,1973
8250027.00,6590,3956
8250028.00,4236,1560
8250029.00,6254,3062
8250030.00,2900,1463
8250031.00,5907,3826
8250032.00,2145,1030
8250033.01,4551,1673
8250033.02,5682,2068
8250034.00,2563,1298
8250035.01,5746,2003
8250035.02,3830,1527
8250036.01,4259,1371
8250036.02,3979,1421
8250037.00,4193,1479
8250038.01,8420,2632
8250038.02,4184,1299
8250038.03,4317,1477
8250038.04,6810,2045
8250038.05,6014,1795
8250038.06,6125,1783
8250038.07,4946,1484
8250038.08,4914,1478
8250038.09,9731,3028
8250038.10,5814,1601
8250038.11,6015,1902
8250038.12,4833,1555
8250038.13,5718,1587
8250038.14,6352,1864
8250038.15,6551,1734
8250038.16,8459,2362
8250038.17,6473,1837
8250038.18,6546,1799
8250038.19,13405,4066
8250039.00,6450,2300
8250040.00,6057,2503
8250041.00,4443,2163
8250042.00,3430,2085
8250043.00,4439,2915
8250044.00,5866,3917
8250045.00,6375,4017
8250046.01,3703,2167
8250046.02,4393,2421
8250047.00,4820,2096
8250048.00,4711,1977
8250049.01,4540,1748
8250049.02,6812,2192
8250049.03,5959,2469
8250050.01,4474,1705
8250050.02,5119,1908
8250051.00,5362,2231
8250052.01,4623,1638
8250052.02,4317,1342
8250052.03,4062,1416
8250052.04,4317,1743
8250052.05,7794,2312
8250053.00,5304,2375
8250054.00,2840,1405
8250055.00,3228,1246
8250056.00,4258,2183
8250057.00,5106,2330
8250058.00,6121,3276
8250059.00,5911,3387
8250060.00,4065,1994
8250061.00,3628,1268
8250062.00,4367,2178
8250063.00,3488,1675
8250064.00,5178,2528
8250065.00,3033,1390
8250066.01,3493,1478
8250066.02,5291,2428
8250067.00,2091,886
8250068.00,2794,1061
8250069.00,2277,896
8250070.00,2491,1034
8250071.00,3038,1327
8250072.00,5327,2470
8250073.00,2208,1067
8250074.00,3342,1354
8250075.01,3091,1248
8250075.02,4554,1797
8250076.01,3118,1041
8250076.02,3210,1199
8250076.03,4779,1795
8250076.04,4867,1656
8250076.05,3764,1298
8250076.06,4949,1622
8250076.07,10439,3403
8250076.08,12359,3748
8250077.01,2622,1037
8250077.02,5506,2186
8250077.03,3603,1157
8250077.04,5694,2028
8250077.05,5215,1601
8250077.06,4866,1530
8250077.07,6918,2170
8250077.08,13070,3737
8250077.09,14780,4685
8250200.00,8106,2540
8250201.00,6903,2254
8250202.00,4607,1469
8250203.00,3344,1067
8250204.00,7216,2298
8250205.00,7424,2423
8250206.00,9706,3106
8250207.00,6240,1872
8300001.00,3885,1347
8300002.00,2701,1114
8300003.00,3778,1449
8300004.00,2564,1409
8300005.00,2712,1081
8300006.00,4261,1560
8300007.00,3548,1123
8300008.00,5744,1774
8300009.00,4123,1319
8300010.00,4147,2128
8300011.00,2957,1244
8300012.00,4094,1391
8300013.00,3925,1458
8300014.00,2061,787
8300015.00,4080,1404
8300016.00,5495,1897
8350001.01,45,10
8350001.02,3059,1060
8350001.03,4664,1630
8350001.04,1600,635
8350001.05,4479,2092
8350001.06,3300,1307
8350001.07,5591,1958
8350002.01,4092,1397
8350002.02,3299,1327
8350002.03,3134,1090
8350002.04,3913,1649
8350002.05,2156,1094
8350003.00,4787,1791
8350004.00,5392,2129
8350005.01,2053,710
8350005.02,4103,1780
8350005.03,7846,2358
8350005.04,5802,1691
8350006.01,27,11
8350006.02,6851,2558
8350006.03,3560,1204
8350006.04,2136,950
8350006.05,5711,1870
8350006.06,4047,2144
8350006.07,6613,2163
8350006.08,6534,2111
8350006.09,4968,1622
8350006.10,7876,2440
8350007.01,3701,1308
8350007.02,6155,2020
8350008.00,3692,1529
8350009.00,5311,1980
8350010.00,3667,1430
8350011.00,5195,2489
8350012.01,4277,2062
8350012.02,2430,995
8350013.00,3873,2349
8350014.00,3559,1760
8350015.01,2,2
8350015.02,3124,1287
8350016.01,0,0
8350016.02,2871,1188
8350017.00,3289,1503
8350018.00,131,69
8350019.01,0,0
8350019.02,3464,1506
8350020.00,5666,2656
8350021.00,5737,3361
8350022.00,3883,2504
8350023.00,4695,2461
8350024.00,3572,1417
8350025.00,3118,1352
8350026.00,5868,2123
8350027.00,5997,2570
8350028.00,6380,3103
8350029.00,5911,2442
8350030.00,4683,3333
8350031.00,4494,2679
8350032.01,3252,2188
8350032.02,4578,3104
8350033.00,4476,3113
8350034.00,5547,2559
8350035.00,3113,1689
8350036.00,3436,1407
8350037.00,4006,1638
8350038.00,3167,1439
8350039.00,5020,2220
8350040.00,4533,1736
8350041.00,3623,1410
8350042.01,3497,1181
8350042.02,3613,1520
8350043.00,3011,1324
8350044.00,6074,3082
8350045.00,1641,636
8350046.00,4563,2372
8350047.00,5905,3087
8350048.00,3387,1556
8350049.00,3579,1513
8350050.00,4133,1582
8350051.01,2191,844
8350051.02,161,80
8350052.01,0,0
8350052.02,4467,2258
8350053.00,4003,2276
8350054.00,2992,1240
8350055.00,3787,1499
8350056.00,3660,1420
8350057.00,2036,897
8350058.00,6685,2384
8350059.00,6355,2495
8350060.01,2744,1118
8350060.02,3645,1499
8350061.00,3577,1402
8350062.00,2689,1536
8350063.00,3789,1502
8350064.01,2199,838
8350064.02,0,0
8350065.01,2351,845
8350065.02,3008,1123
8350065.03,5,1
8350066.00,4167,1714
8350067.00,4458,1731
8350068.00,4664,1776
8350069.00,3141,1260
8350070.00,4140,1640
8350071.00,4021,1500
8350072.00,3644,1364
8350073.00,4660,2033
8350074.00,29,13
8350075.01,1709,611
8350075.02,6272,2115
8350075.03,1860,665
8350075.04,1977,683
8350075.05,4077,1309
8350075.06,5842,1995
8350075.07,4081,1303
8350075.08,3402,1352
8350075.09,3236,1032
8350075.10,6082,2028
8350076.01,2962,1119
8350076.02,6090,2024
8350077.01,3692,1152
8350077.02,5817,1970
8350078.01,1594,508
8350078.02,4060,1290
8350078.03,2798,988
8350078.04,10166,2971
8350078.05,3688,1283
8350078.06,4657,1522
8350078.07,5324,1642
8350078.08,4194,1348
8350078.09,5346,1707
8350079.00,3570,1349
8350090.01,5781,1869
8350090.02,3459,1097
8350090.03,2925,1019
8350090.04,5992,1910
8350090.05,4653,1340
8350090.06,4869,1401
8350090.07,3,2
8350090.08,3972,1211
8350090.09,6021,1801
8350090.10,7805,2392
8350090.11,3318,1067
8350090.12,4602,1476
8350090.13,4066,1185
8350090.14,8849,2637
8350090.15,5845,2092
8350090.16,3350,987
8350090.17,3737,1085
8350090.18,3296,1003
8350100.00,4286,1484
8350101.01,5794,1906
8350101.02,6754,2311
8350102.00,6102,1889
8350103.00,5873,1863
8350104.01,11864,3659
8350104.02,4186,1280
8350104.03,10255,3346
8350105.01,7115,2257
8350105.02,7755,2444
8350106.00,5685,1764
8350110.01,4971,1483
8350110.02,4310,1608
8350111.00,1938,815
8350120.01,5366,2061
8350120.02,4756,1660
8350120.03,2216,739
8350120.04,12078,3608
8350121.01,8678,2701
8350121.02,4953,1638
8350121.03,2626,890
8350121.04,4631,1433
8350140.01,7280,2155
8350140.02,8805,2792
8350141.00,5561,1678
8350142.01,6128,1973
8350142.02,3718,1290
8350142.03,6217,1888
8350142.04,5302,1654
8350150.00,6776,2151
8350151.00,5838,1664
8350152.00,5792,1788
8350153.00,5586,2186
8350154.00,2997,970
8350155.00,4966,1739
8350156.00,4503,1517
8350157.00,4079,1508
8350160.00,8716,2639
8350161.00,6594,2076
8350162.00,7816,2645
8350163.00,8376,2879
8350164.00,7003,2249
8350165.00,7601,2341
8350166.00,4709,1798
8350200.00,1198,396
9150001.00,3036,1013
9150002.00,5101,1711
9150003.00,6485,2123
9150004.00,3458,1092
9150005.00,3770,1367
9150006.00,5555,1899
9150007.00,6808,3009
9150008.00,4067,2026
9150009.00,9224,4550
9150010.00,8535,4105
9150011.00,3367,1949
9150012.00,1225,752
9150013.00,946,448
9150014.00,3061,1495
9150015.00,4710,1779
9150016.00,3061,1126
9150017.00,3662,1319
9150018.00,3319,1155
9150019.00,11944,4293
9150100.00,6367,2296
9150101.00,4982,1574
9150102.00,13281,5180
9150103.00,3480,1449
9150104.00,4644,1621
9150105.01,5428,1968
9150105.02,3446,1233
9150105.03,3579,1327
9250001.00,391,139
9250002.00,2257,756
9250003.00,2746,849
9250004.00,6338,2228
9250005.00,8312,2963
9250006.00,6138,2212
9250007.00,1087,323
9250008.00,2389,1072
9250009.00,3160,1377
9250010.00,4744,2384
9250011.00,983,630
9250012.00,4104,1757
9250013.00,3895,1446
9250014.00,2880,1378
9250015.00,4691,1672
9250016.00,3767,1305
9250017.00,4210,1422
9250018.00,3808,1436
9250019.00,3891,1224
9250020.00,3829,1337
9250021.00,3245,1093
9250022.00,552,218
9250100.00,3432,1288
9250101.00,1573,630
9250110.00,2492,991
9320001.00,2937,652
9320002.00,1243,439
9320003.00,6278,2194
9320004.00,6967,2097
9320005.00,9005,3654
9320006.00,4827,2418
9320007.00,7919,3943
9320008.00,9258,2577
9320009.00,12125,3483
9320010.00,64,24
9320011.00,6169,1948
9320012.00,5989,1738
9320013.00,3155,971
9320014.00,6711,2059
9320100.00,2891,832
9320101.00,1749,767
9320102.00,4318,1969
9320103.00,1175,643
9320104.00,4387,1387
9320105.00,3549,1065
9320106.00,5245,1819
9320200.00,3545,1545
9320201.00,6823,2145
9320202.00,6747,2107
9320203.00,3099,1007
9320204.00,2384,742
9320205.00,3435,952
9320206.00,2768,973
9320207.00,1718,582
9330001.01,6420,2232
9330001.02,3844,1334
9330002.01,4874,1919
9330002.02,7206,2268
9330003.00,7570,2020
9330004.00,8774,2639
9330005.00,6553,4059
9330006.00,9328,3085
9330007.00,8559,2866
9330008.00,5454,1752
9330009.00,6463,2980
9330010.01,4408,1666
9330010.02,4339,1527
9330011.00,5737,1826
9330012.00,7061,2373
9330013.01,5534,1687
9330013.02,6931,1937
9330014.00,7387,2296
9330015.01,4493,1334
9330015.02,5143,1803
9330016.01,4258,1371
9330016.02,11977,4048
9330017.01,5747,1661
9330017.02,5495,1649
9330018.01,5857,1714
9330018.02,6269,1932
9330019.00,5175,1916
9330020.00,2544,775
9330021.00,4222,1249
9330022.00,2694,1620
9330023.00,4435,1306
9330024.00,6051,1901
9330025.00,7219,2525
9330026.00,4843,1694
9330027.00,6841,2417
9330028.00,3224,1118
9330029.00,5691,2185
9330030.00,6606,2205
9330031.01,5460,2317
9330031.02,4468,1503
9330032.00,6987,2308
9330033.00,7166,2306
9330034.01,4526,1407
9330034.02,6297,1945
9330035.01,3959,1300
9330035.02,6458,2253
9330036.01,5551,1714
9330036.02,5302,1671
9330037.00,8770,3393
9330038.00,4628,2126
9330039.01,5205,3083
9330039.02,4970,2662
9330040.00,7847,5307
9330041.00,7787,4413
9330042.00,5713,2436
9330043.00,7963,3042
9330044.00,4921,2124
9330045.01,4191,2121
9330045.02,5081,2434
9330046.00,4793,2922
9330047.00,7631,5035
9330048.00,5873,3698
9330049.01,4410,2560
9330049.02,5550,2997
9330050.01,8244,4470
9330050.02,6335,3004
9330051.00,7344,2460
9330052.01,5559,1857
9330052.02,5499,1708
9330053.00,9073,3056
9330054.00,8199,2950
9330055.01,5349,2364
9330055.02,4492,2365
9330056.00,8710,4423
9330057.00,8103,4010
9330058.00,3412,2431
9330059.01,8299,6138
9330059.02,8065,5643
9330060.00,8350,5699
9330061.00,4731,3408
9330062.00,3281,2437
9330063.00,3585,2348
9330064.00,4034,2797
9330065.00,6417,4225
9330066.00,1513,959
9330067.00,5340,3514
9330068.00,4733,3454
9330069.00,6833,2797
9330100.01,3452,1386
9330100.02,6490,3016
9330101.01,7056,4359
9330101.02,6394,3424
9330102.00,4805,1747
9330103.00,6362,3122
9330104.00,7237,2610
9330110.00,10136,3464
9330111.01,5003,1697
9330111.02,7550,2489
9330111.03,3924,1432
9330112.00,2592,1028
9330113.00,6898,2430
9330114.00,8002,2523
9330115.00,4921,1625
9330116.00,4816,1609
9330117.00,5716,1963
9330118.00,7012,3078
9330119.00,2055,753
9330120.00,3801,1316
9330121.00,4331,1456
9330122.00,4156,1300
9330130.01,4575,2693
9330130.02,6305,3549
9330131.00,6929,2495
9330132.00,3841,1343
9330133.00,9187,3193
9330134.00,6563,2262
9330135.00,5623,1790
9330140.01,7513,2404
9330140.02,4610,1482
9330141.00,7442,2861
9330142.01,6281,1980
9330142.02,4775,1613
9330142.03,6250,2170
9330143.01,5645,1573
9330143.02,4460,1503
9330143.03,4526,1498
9330143.04,5414,1582
9330144.01,7707,2651
9330144.02,7520,2349
9330145.00,7240,2144
9330146.00,6117,1889
9330147.01,2252,676
9330147.02,7445,3618
9330147.03,14303,6440
9330148.00,4640,1961
9330149.01,8057,2684
9330149.02,4881,1473
9330149.03,4560,1364
9330150.00,706,294
9330151.01,6977,2197
9330151.02,9546,2806
9330160.01,4886,1583
9330160.02,6755,2840
9330160.03,5888,2132
9330160.04,3647,1486
9330161.01,4099,1403
9330161.02,5573,2180
9330161.03,5363,1814
9330161.04,8473,2867
9330162.01,5860,1739
9330162.02,6430,1835
9330162.03,6405,1937
9330162.04,6284,1832
9330163.01,3729,1112
9330163.02,8825,2776
9330163.03,8273,2561
9330163.04,5440,1702
9330170.01,8052,4353
9330170.02,9158,4432
9330180.00,7147,2435
9330181.01,6959,3000
9330181.02,7677,2662
9330181.03,5119,1809
9330181.04,5249,2043
9330181.05,6388,2690
9330181.06,4850,1969
9330181.07,3509,1201
9330182.00,9419,2837
9330183.01,5105,1593
9330183.02,12230,3917
9330183.03,5745,2142
9330184.01,3192,1048
9330184.02,6439,2608
9330184.03,8747,2805
9330184.04,7893,2187
9330184.05,7165,1937
9330185.01,10883,3307
9330185.02,13567,4071
9330185.03,14975,3917
9330185.04,8135,2360
9330185.05,4737,1556
9330186.01,5626,1793
9330186.02,4906,1714
9330186.03,8569,2583
9330186.04,8983,2698
9330187.01,7502,1928
9330187.02,19736,6190
9330187.03,6006,1768
9330188.00,13034,3626
9330189.01,9330,3891
9330189.02,7727,3190
9330189.03,3117,1054
9330189.04,7862,2449
9330190.01,5062,2239
9330190.02,7539,2548
9330190.03,4632,1644
9330191.01,8690,3344
9330191.02,7020,2883
9330192.00,4206,1462
9330200.00,3020,913
9330201.00,1481,519
9330202.00,5605,2912
9330203.00,4068,1453
9330204.00,8305,4509
9330205.00,7388,4507
9330206.00,1587,895
9330207.00,2111,1299
9330208.00,5015,2187
9330209.00,6505,2519
9330210.00,4265,1941
9330220.00,1023,334
9330221.01,1648,569
9330221.02,7581,2358
9330222.00,7389,2851
9330223.00,8487,2848
9330224.00,7520,3671
9330225.00,7088,2502
9330226.01,6639,3539
9330226.02,3463,1217
9330227.00,8075,4586
9330228.01,7807,4008
9330228.02,3283,1078
9330229.00,6442,2387
9330230.01,5054,1715
9330230.02,3882,1529
9330231.00,3732,1171
9330232.00,2987,894
9330233.00,6094,1988
9330234.00,5474,1633
9330235.01,8360,4384
9330235.02,4206,1522
9330236.00,3803,1094
9330237.00,7418,2807
9330238.01,2736,890
9330238.02,6943,2230
9330239.00,7454,2876
9330240.00,8321,3053
9330241.00,6997,2638
9330242.00,7009,2680
9330243.01,5883,1961
9330243.02,6411,2040
9330250.00,6080,2225
9330251.00,168,56
9330260.01,7546,2696
9330260.02,3635,1442
9330260.03,9494,3124
9330270.00,2,1
9330280.00,3975,1008
9330281.01,6127,1895
9330281.02,5931,2202
9330282.00,6942,2791
9330283.00,6022,2435
9330284.01,6489,2590
9330284.02,6005,2284
9330285.01,3067,1710
9330285.02,5489,1722
9330286.01,5755,1819
9330286.02,6866,2123
9330286.03,4243,1365
9330287.01,6708,2156
9330287.02,3666,1142
9330287.03,17165,6365
9330287.04,7368,2211
9330290.01,9351,2944
9330290.02,5193,2442
9330290.03,5930,1947
9330291.01,6287,2357
9330291.02,7388,2429
9330292.01,5762,1735
9330292.02,6771,2097
9330400.00,9359,3144
9330401.00,8460,3820
9330402.01,7312,2682
9330402.02,4785,1617
9330403.01,5405,1785
9330403.02,8339,2688
9330403.03,5305,1779
9330404.00,7395,2349
9330410.01,7975,2716
9330410.02,5461,2017
9330500.00,6292,2376
9330501.01,4122,1607
9330501.02,5611,1796
9330501.03,3403,1032
9330502.01,2213,711
9330502.02,4065,1562
9330502.03,5265,1609
9330502.04,8263,2722
9330502.05,2580,883
9330503.01,2981,909
9330503.02,11021,5525
9330503.03,5748,1811
9330504.01,7420,2432
9330504.02,5684,1892
9330504.03,6041,1806
9330504.04,5947,2151
9330505.00,6346,2073
9330506.01,3723,1221
9330506.02,6511,2165
9350001.00,3042,1381
9350002.00,3740,2106
9350003.01,5477,3201
9350003.02,5246,3150
9350004.00,5678,3650
9350005.00,3898,1825
9350006.00,2255,985
9350007.00,5351,3313
9350008.00,3369,1908
9350009.00,3744,1614
9350010.00,5411,3428
9350011.00,5310,2539
9350012.00,4632,2331
9350013.01,4264,2247
9350013.02,3570,1523
9350014.01,4350,1792
9350014.02,4167,1787
9350100.00,3938,1602
9350101.00,3213,1668
9350102.00,5351,2427
9350103.00,2488,943
9350104.00,2875,1105
9350110.00,5808,2646
9350111.01,4804,2243
9350111.02,5539,2485
9350120.00,4558,1782
9350121.01,5436,2148
9350121.02,3454,1157
9350121.03,3236,1054
9350121.04,3790,1219
9350122.00,3237,1503
9350123.01,2284,1005
9350123.02,2978,1337
9350124.00,4373,1783
9350125.01,4492,2367
9350125.02,4182,1762
9350126.00,6913,3119
9350127.00,4454,1786
9350128.00,3391,1147
9350129.01,5613,2066
9350129.02,5928,2011
9350130.01,2817,1223
9350130.02,5954,2268
9350131.00,4803,1907
9350132.01,3818,1416
9350132.02,9241,3361
9350133.00,6436,2453
9350150.00,9022,3719
9350151.01,3680,1411
9350151.02,5121,1871
9350152.00,7052,2605
9350153.00,2047,548
9350154.01,5357,1819
9350154.02,4284,1477
9350155.01,6606,2326
9350155.02,3206,996
9350156.01,3585,1485
9350156.02,7970,2993
9350160.01,6839,2493
9350160.02,5995,2443
9350160.03,3247,1147
9350170.00,4731,2226
9350171.00,5970,2783
9350180.01,5434,2006
9350180.02,5233,1998
9380001.00,3593,1322
9380002.00,5168,1848
9380003.00,4021,1414
9380004.00,2010,731
9380005.00,4892,2001
9380006.00,4775,1896
9380007.00,3857,1383
9380008.00,3701,1339
9380009.00,5511,2210
9380010.00,2958,1143
9380011.00,4662,1873
9380012.00,3044,1630
9380013.00,4837,2003
9380014.00,6065,2421
9380015.00,4033,2146
9380016.00,5444,2055
9380017.00,2896,1269
9380018.00,3479,1622
9380019.00,5408,2057
9380020.00,5231,1906
9700001.00,136,78
9700002.00,6045,1850
9700003.00,4903,1576
9700004.00,2043,669
9700005.00,7034,2419
9700006.00,2424,904
9700007.00,1563,524
9700008.00,5077,1896
9700009.00,242,139
9700010.00,1349,512
9700011.00,2967,1468
9700012.00,344,39
9700013.00,2168,1062
9700014.00,4785,2005
9700015.00,4983,1932
9700016.00,6820,2245
9700017.00,5599,1955
9700018.00,131,41
9700019.00,2201,784
9700020.00,5310,1653
9700021.00,2843,970
9700022.00,2453,824
9700023.00,3730,1304
